{
"type": "FeatureCollection",
"name": "CableviaOriginalReal",
"crs": { "type": "name", "properties": { "name": "urn:ogc:def:crs:EPSG::3116" } },
"features": [
{ "type": "Feature", "properties": { "fid": 13, "id": null, "BLOQUES": "34-35", "DISTANCIA": 80, "VELOCIDAD": 16 }, "geometry": { "type": "MultiLineString", "coordinates": [ [ [ 849824.535759362392128, 1168904.014632740756497 ], [ 849827.018194169970229, 1168902.138149545993656 ], [ 849852.197524323826656, 1168883.104985119542107 ], [ 849888.737159489188343, 1168855.889302432071418 ] ] ] } },
{ "type": "Feature", "properties": { "fid": 42, "id": null, "BLOQUES": "31-50", "DISTANCIA": 178, "VELOCIDAD": 36 }, "geometry": { "type": "MultiLineString", "coordinates": [ [ [ 849368.145249223220162, 1168938.57573345862329 ], [ 849409.644611479016021, 1168904.461223385063931 ], [ 849433.731984318466857, 1168937.106260143220425 ], [ 849456.943647181731649, 1168968.564468243159354 ], [ 849422.133087739581242, 1168996.249554984504357 ] ] ] } },
{ "type": "Feature", "properties": { "fid": 43, "id": null, "BLOQUES": "41-47", "DISTANCIA": 98, "VELOCIDAD": 20 }, "geometry": { "type": "MultiLineString", "coordinates": [ [ [ 849498.826222298899665, 1168816.162795417010784 ], [ 849535.700977681204677, 1168864.715386079391465 ], [ 849558.23488757899031, 1168894.120810751337558 ] ] ] } },
{ "type": "Feature", "properties": { "fid": 51, "id": null, "BLOQUES": "41-42", "DISTANCIA": 150, "VELOCIDAD": 30 }, "geometry": { "type": "MultiLineString", "coordinates": [ [ [ 849558.23488757899031, 1168894.120810751337558 ], [ 849581.910696560284123, 1168925.075273057678714 ], [ 849634.059824616531841, 1168885.508666571229696 ], [ 849640.477509374031797, 1168880.615035460097715 ], [ 849617.731646972126327, 1168850.574344991939142 ] ] ] } },
{ "type": "Feature", "properties": { "fid": 52, "id": null, "BLOQUES": "46-47", "DISTANCIA": 137, "VELOCIDAD": 27 }, "geometry": { "type": "MultiLineString", "coordinates": [ [ [ 849498.826222298899665, 1168816.162795417010784 ], [ 849466.777364103239961, 1168780.675567616708577 ], [ 849433.234347485238686, 1168805.015811739256606 ], [ 849462.354733476997353, 1168842.391151284566149 ] ] ] } },
{ "type": "Feature", "properties": { "fid": 70, "id": null, "BLOQUES": "26-31", "DISTANCIA": 171, "VELOCIDAD": 34 }, "geometry": { "type": "MultiLineString", "coordinates": [ [ [ 849471.688001149101183, 1169062.511197951389477 ], [ 849436.548338246997446, 1169088.875248783500865 ], [ 849414.300265847472474, 1169059.807319634128362 ], [ 849412.645442140172236, 1169057.64523127861321 ], [ 849409.614909702446312, 1169053.685728603741154 ], [ 849387.027783637517132, 1169022.517852230928838 ], [ 849422.133087739581242, 1168996.249554984504357 ] ] ] } },
{ "type": "Feature", "properties": { "fid": 210, "id": null, "BLOQUES": "5-6", "DISTANCIA": 117, "VELOCIDAD": 23 }, "geometry": { "type": "MultiLineString", "coordinates": [ [ [ 849816.80224735790398, 1169067.077040158677846 ], [ 849801.891357697546482, 1169052.139177238568664 ], [ 849774.784589972696267, 1169077.601192994974554 ], [ 849746.767961576697417, 1169103.269644307205454 ], [ 849761.240942248608917, 1169118.084646196570247 ] ] ] } },
{ "type": "Feature", "properties": { "fid": 1282, "id": "EntradaPosco", "BLOQUES": null, "DISTANCIA": null, "VELOCIDAD": null }, "geometry": { "type": "MultiLineString", "coordinates": [ [ [ 849851.725025842199102, 1168997.981879196129739 ], [ 849852.511348078609444, 1168996.873873525066301 ], [ 849852.409469839767553, 1168995.298686379333958 ], [ 849851.640474959625863, 1168993.886266212910414 ], [ 849850.628600954078138, 1168992.530237640719861 ], [ 849849.129043418564834, 1168991.567039573332295 ], [ 849847.002094705589116, 1168991.446540731005371 ], [ 849845.168008920969442, 1168991.451008667936549 ], [ 849838.72956341644749, 1168992.96587866009213 ], [ 849826.59562447690405, 1168995.82081312732771 ] ] ] } },
{ "type": "Feature", "properties": { "fid": 1283, "id": null, "BLOQUES": null, "DISTANCIA": null, "VELOCIDAD": null }, "geometry": { "type": "MultiLineString", "coordinates": [ [ [ 849838.72956341644749, 1168992.96587866009213 ], [ 849838.280101074022241, 1168993.614467387553304 ], [ 849838.11380061507225, 1168993.970816414104775 ], [ 849838.082004367373884, 1168994.397912841755897 ], [ 849837.99675497005228, 1168994.8814309341833 ], [ 849837.853883448056877, 1168995.144777012756094 ], [ 849837.464559891493991, 1168995.337952704634517 ], [ 849824.041831260779873, 1168998.680172837339342 ] ] ] } },
{ "type": "Feature", "properties": { "fid": 1284, "id": "EntradaPosco", "BLOQUES": null, "DISTANCIA": null, "VELOCIDAD": null }, "geometry": { "type": "MultiLineString", "coordinates": [ [ [ 849826.59562447690405, 1168995.82081312732771 ], [ 849821.81158649828285, 1168997.584739237092435 ], [ 849809.72917313023936, 1169002.041554565774277 ] ] ] } },
{ "type": "Feature", "properties": { "fid": 1285, "id": null, "BLOQUES": null, "DISTANCIA": null, "VELOCIDAD": null }, "geometry": { "type": "MultiLineString", "coordinates": [ [ [ 849824.034890025737695, 1168998.690199897624552 ], [ 849823.814865486230701, 1168998.636460692156106 ], [ 849823.71520690061152, 1168998.492954385932535 ], [ 849823.101031565340236, 1168998.016537185292691 ], [ 849822.545461394358426, 1168997.766859288094565 ], [ 849822.135740177007392, 1168997.736733181169257 ], [ 849821.81158649828285, 1168997.584739237092435 ] ] ] } },
{ "type": "Feature", "properties": { "fid": 1286, "id": "Salidaposco", "BLOQUES": null, "DISTANCIA": null, "VELOCIDAD": null }, "geometry": { "type": "MultiLineString", "coordinates": [ [ [ 849810.596154619939625, 1169002.612486205762252 ], [ 849810.597684425883926, 1169002.613482398213819 ] ], [ [ 849810.597684425883926, 1169002.613482398213819 ], [ 849810.596154619939625, 1169002.612486205762252 ] ], [ [ 849810.596154619939625, 1169002.612486205762252 ], [ 849815.782437757938169, 1169006.021637619240209 ], [ 849816.632554323645309, 1169006.199970926623791 ], [ 849818.703449834603816, 1169006.634393288986757 ], [ 849820.672563259140588, 1169007.047464301809669 ], [ 849821.471158525091596, 1169007.214989722473547 ], [ 849826.704967767582275, 1169008.999823695747182 ], [ 849830.562818229314871, 1169011.200199160492048 ] ] ] } },
{ "type": "Feature", "properties": { "fid": 1287, "id": "Salidaposco", "BLOQUES": null, "DISTANCIA": null, "VELOCIDAD": null }, "geometry": { "type": "MultiLineString", "coordinates": [ [ [ 849851.725025842199102, 1168997.981879196129739 ], [ 849839.692575433291495, 1169010.145866928854957 ], [ 849836.951312342309393, 1169012.940269333776087 ], [ 849836.415125957573764, 1169013.405645148362964 ], [ 849836.060566079453565, 1169013.481871800031513 ], [ 849835.673896318650804, 1169013.408722219057381 ], [ 849835.29918965161778, 1169013.321461434941739 ], [ 849830.562818229314871, 1169011.200199160492048 ] ] ] } },
{ "type": "Feature", "properties": { "fid": 1288, "id": null, "BLOQUES": null, "DISTANCIA": null, "VELOCIDAD": null }, "geometry": { "type": "MultiLineString", "coordinates": [ [ [ 849809.72917313023936, 1169002.041554565774277 ], [ 849790.916257675620727, 1169006.652302900562063 ] ] ] } },
{ "type": "Feature", "properties": { "fid": 1289, "id": null, "BLOQUES": null, "DISTANCIA": null, "VELOCIDAD": null }, "geometry": { "type": "MultiLineString", "coordinates": [ [ [ 849809.72917313023936, 1169002.041554565774277 ], [ 849808.751254961360246, 1169002.776832490693778 ], [ 849808.773888390162028, 1169002.758883482310921 ], [ 849808.796830023522489, 1169002.741330123273656 ], [ 849808.820072947302833, 1169002.724177704425529 ], [ 849808.843610155628994, 1169002.707431396469474 ], [ 849808.867434551939368, 1169002.691096247173846 ], [ 849808.883104292675853, 1169002.677697524661198 ] ], [ [ 849808.883104292675853, 1169002.677697524661198 ], [ 849800.919811181141995, 1169008.665143818128854 ] ] ] } },
{ "type": "Feature", "properties": { "fid": 1292, "id": null, "BLOQUES": null, "DISTANCIA": null, "VELOCIDAD": null }, "geometry": { "type": "MultiLineString", "coordinates": [ [ [ 849800.919811181141995, 1169008.665143818128854 ], [ 849789.273201134055853, 1169018.885851963423193 ], [ 849780.707524257479236, 1169026.600485099479556 ], [ 849770.882380558410659, 1169034.706764502217993 ], [ 849756.095093102310784, 1169047.70261842967011 ], [ 849755.851539944647811, 1169047.916665885597467 ] ] ] } },
{ "type": "Feature", "properties": { "fid": 1293, "id": null, "BLOQUES": null, "DISTANCIA": null, "VELOCIDAD": null }, "geometry": { "type": "MultiLineString", "coordinates": [ [ [ 849777.204957213252783, 1169026.02597089856863 ], [ 849753.656252541346475, 1169044.923150817630813 ] ] ] } },
{ "type": "Feature", "properties": { "fid": 1298, "id": null, "BLOQUES": null, "DISTANCIA": null, "VELOCIDAD": null }, "geometry": { "type": "MultiLineString", "coordinates": [ [ [ 849753.656252541346475, 1169044.923150817630813 ], [ 849724.888311060378328, 1169068.535648780409247 ], [ 849724.929361645248719, 1169068.501089283265173 ], [ 849724.971005091443658, 1169068.46724651590921 ], [ 849725.013228880940005, 1169068.434130646754056 ], [ 849716.33507858926896, 1169075.556074083317071 ], [ 849692.41450832458213, 1169095.352408095961437 ] ] ] } },
{ "type": "Feature", "properties": { "fid": 1299, "id": null, "BLOQUES": null, "DISTANCIA": null, "VELOCIDAD": null }, "geometry": { "type": "MultiLineString", "coordinates": [ [ [ 849745.017771775252186, 1169057.900857019238174 ], [ 849734.394883402390406, 1169066.85884395474568 ], [ 849734.01611119415611, 1169067.179148685419932 ], [ 849733.601881031878293, 1169067.527560845017433 ], [ 849726.893123396439478, 1169073.57644068216905 ], [ 849722.685646151425317, 1169077.53495477559045 ], [ 849722.675938591593876, 1169077.543194587342441 ], [ 849722.666375491186045, 1169077.551601627608761 ], [ 849722.656959729967639, 1169077.560173363657668 ], [ 849722.647694143932313, 1169077.568907214561477 ], [ 849722.638581525301561, 1169077.577800549101084 ], [ 849722.629624618333764, 1169077.586850688792765 ], [ 849722.620826119207777, 1169077.596054907189682 ], [ 849722.612188679049723, 1169077.605410432675853 ], [ 849717.599844373646192, 1169082.319821537472308 ], [ 849707.145764689426869, 1169091.291753818979487 ], [ 849699.832119068130851, 1169095.88340351334773 ], [ 849695.627466759644449, 1169098.067156580276787 ], [ 849695.597903181333095, 1169098.082996181445196 ] ] ] } },
{ "type": "Feature", "properties": { "fid": 1300, "id": null, "BLOQUES": null, "DISTANCIA": null, "VELOCIDAD": null }, "geometry": { "type": "MultiLineString", "coordinates": [ [ [ 849695.627466759644449, 1169098.067156580276787 ], [ 849690.536491809180006, 1169100.794804533710703 ] ] ] } },
{ "type": "Feature", "properties": { "fid": 1304, "id": null, "BLOQUES": null, "DISTANCIA": null, "VELOCIDAD": null }, "geometry": { "type": "MultiLineString", "coordinates": [ [ [ 849692.41450832458213, 1169095.352408095961437 ], [ 849680.06818903144449, 1169104.401314161717892 ], [ 849673.803364224266261, 1169108.964778203517199 ], [ 849667.28647160041146, 1169114.304520207457244 ], [ 849662.18687622284051, 1169118.208155902568251 ] ] ] } },
{ "type": "Feature", "properties": { "fid": 1306, "id": null, "BLOQUES": null, "DISTANCIA": null, "VELOCIDAD": null }, "geometry": { "type": "MultiLineString", "coordinates": [ [ [ 849725.481418925453909, 1169081.64972632471472 ], [ 849746.767961576697417, 1169103.269644307205454 ] ] ] } },
{ "type": "Feature", "properties": { "fid": 1307, "id": null, "BLOQUES": null, "DISTANCIA": null, "VELOCIDAD": null }, "geometry": { "type": "MultiLineString", "coordinates": [ [ [ 849690.536491809180006, 1169100.794804533710703 ], [ 849678.691930295433849, 1169107.33717249147594 ], [ 849667.370901783229783, 1169116.338318112539127 ], [ 849656.823523251106963, 1169124.353602815186605 ] ] ] } },
{ "type": "Feature", "properties": { "fid": 1308, "id": null, "BLOQUES": null, "DISTANCIA": null, "VELOCIDAD": null }, "geometry": { "type": "MultiLineString", "coordinates": [ [ [ 849662.18687622284051, 1169118.208155902568251 ], [ 849654.565148218651302, 1169124.01713048457168 ], [ 849634.428564715897664, 1169138.632392704486847 ] ] ] } },
{ "type": "Feature", "properties": { "fid": 1309, "id": null, "BLOQUES": null, "DISTANCIA": null, "VELOCIDAD": null }, "geometry": { "type": "MultiLineString", "coordinates": [ [ [ 849656.823523251106963, 1169124.353602815186605 ], [ 849657.514418107573874, 1169124.99794103205204 ], [ 849657.53078669088427, 1169125.011067532701418 ], [ 849657.546926114475355, 1169125.0244747903198 ], [ 849657.562831560964696, 1169125.03815880510956 ], [ 849657.578498289803974, 1169125.052115494618192 ], [ 849657.593921622261405, 1169125.066340695368126 ], [ 849657.609096959931776, 1169125.080830163089558 ], [ 849703.961948782904074, 1169167.99094935785979 ] ] ] } },
{ "type": "Feature", "properties": { "fid": 1311, "id": null, "BLOQUES": null, "DISTANCIA": null, "VELOCIDAD": null }, "geometry": { "type": "MultiLineString", "coordinates": [ [ [ 849634.428564715897664, 1169138.632392704486847 ], [ 849618.073390325531363, 1169150.695783741772175 ], [ 849608.886654072324745, 1169157.562637102557346 ] ] ] } },
{ "type": "Feature", "properties": { "fid": 1312, "id": null, "BLOQUES": null, "DISTANCIA": null, "VELOCIDAD": null }, "geometry": { "type": "MultiLineString", "coordinates": [ [ [ 849608.933051729109138, 1169160.67128017777577 ], [ 849607.725012375391088, 1169161.420711999759078 ], [ 849607.27107023273129, 1169161.701349580893293 ], [ 849598.911157634807751, 1169166.88856632867828 ], [ 849596.15901418752037, 1169168.928616715129465 ], [ 849595.544744937098585, 1169169.383949166629463 ], [ 849595.557467237580568, 1169169.374097768217325 ], [ 849595.570358181721531, 1169169.364468099083751 ], [ 849595.583413906162605, 1169169.35506304493174 ], [ 849595.596630496205762, 1169169.345885425340384 ], [ 849595.610003992565908, 1169169.336937991436571 ], [ 849592.276292564580217, 1169171.806718059349805 ] ] ] } },
{ "type": "Feature", "properties": { "fid": 1313, "id": null, "BLOQUES": null, "DISTANCIA": null, "VELOCIDAD": null }, "geometry": { "type": "MultiLineString", "coordinates": [ [ [ 849609.489823626121506, 1169160.323297743918374 ], [ 849608.933051729109138, 1169160.67128017777577 ] ] ] } },
{ "type": "Feature", "properties": { "fid": 1314, "id": null, "BLOQUES": null, "DISTANCIA": null, "VELOCIDAD": null }, "geometry": { "type": "MultiLineString", "coordinates": [ [ [ 849608.886654072324745, 1169157.562637103023008 ], [ 849602.640574749326333, 1169161.86976659251377 ], [ 849598.279153338167816, 1169164.877286321017891 ] ] ] } },
{ "type": "Feature", "properties": { "fid": 1315, "id": null, "BLOQUES": null, "DISTANCIA": null, "VELOCIDAD": null }, "geometry": { "type": "MultiLineString", "coordinates": [ [ [ 849598.279153338167816, 1169164.877286321017891 ], [ 849590.514217725489289, 1169170.5233589860145 ] ] ] } },
{ "type": "Feature", "properties": { "fid": 1316, "id": null, "BLOQUES": null, "DISTANCIA": null, "VELOCIDAD": null }, "geometry": { "type": "MultiLineString", "coordinates": [ [ [ 849598.96353840676602, 1169171.31487651867792 ], [ 849596.76119310373906, 1169169.44236793089658 ], [ 849596.774103221017867, 1169169.451971879927441 ], [ 849596.15901418752037, 1169168.928616715129465 ] ] ] } },
{ "type": "Feature", "properties": { "fid": 1318, "id": null, "BLOQUES": null, "DISTANCIA": null, "VELOCIDAD": null }, "geometry": { "type": "MultiLineString", "coordinates": [ [ [ 849592.276292564580217, 1169171.806718059349805 ], [ 849572.879599717212841, 1169185.572421470889822 ] ] ] } },
{ "type": "Feature", "properties": { "fid": 1319, "id": null, "BLOQUES": null, "DISTANCIA": null, "VELOCIDAD": null }, "geometry": { "type": "MultiLineString", "coordinates": [ [ [ 849590.514217725489289, 1169170.5233589860145 ], [ 849571.823750790790655, 1169183.647677312605083 ] ] ] } },
{ "type": "Feature", "properties": { "fid": 1320, "id": null, "BLOQUES": null, "DISTANCIA": null, "VELOCIDAD": null }, "geometry": { "type": "MultiLineString", "coordinates": [ [ [ 849572.879599717212841, 1169185.572421470889822 ], [ 849539.427369090495631, 1169210.99303507944569 ], [ 849539.39355325861834, 1169211.018729695118964 ], [ 849539.360190767562017, 1169211.045010256115347 ], [ 849537.234254404902458, 1169212.660141424275935 ], [ 849534.24278210522607, 1169214.932843576883897 ], [ 849532.344753394136205, 1169216.375170547980815 ] ] ] } },
{ "type": "Feature", "properties": { "fid": 1321, "id": null, "BLOQUES": null, "DISTANCIA": null, "VELOCIDAD": null }, "geometry": { "type": "MultiLineString", "coordinates": [ [ [ 849571.823750790790655, 1169183.647677312605083 ], [ 849531.381693557137623, 1169214.348299963865429 ] ] ] } },
{ "type": "Feature", "properties": { "fid": 1323, "id": null, "BLOQUES": null, "DISTANCIA": null, "VELOCIDAD": null }, "geometry": { "type": "MultiLineString", "coordinates": [ [ [ 849532.344753394136205, 1169216.375170547980815 ], [ 849531.810001724283211, 1169216.74645138788037 ] ] ] } },
{ "type": "Feature", "properties": { "fid": 1324, "id": null, "BLOQUES": null, "DISTANCIA": null, "VELOCIDAD": null }, "geometry": { "type": "MultiLineString", "coordinates": [ [ [ 849531.810001724283211, 1169216.74645138788037 ], [ 849529.892282266751863, 1169214.172988598700613 ], [ 849529.880730686010793, 1169214.155203924281523 ], [ 849529.868872698862106, 1169214.137622063513845 ], [ 849529.856711868313141, 1169214.120248294901103 ], [ 849529.844251840491779, 1169214.103087834082544 ], [ 849529.831496362457983, 1169214.086145832901821 ], [ 849529.818449258804321, 1169214.069427377777174 ], [ 849487.858422853169031, 1169157.66719841118902 ] ] ] } },
{ "type": "Feature", "properties": { "fid": 1325, "id": null, "BLOQUES": null, "DISTANCIA": null, "VELOCIDAD": null }, "geometry": { "type": "MultiLineString", "coordinates": [ [ [ 849591.721434679348022, 1169268.497003866359591 ], [ 849538.954176659928635, 1169214.422667250270024 ], [ 849537.234254404902458, 1169212.660141424275935 ] ] ] } },
{ "type": "Feature", "properties": { "fid": 1327, "id": null, "BLOQUES": null, "DISTANCIA": null, "VELOCIDAD": null }, "geometry": { "type": "MultiLineString", "coordinates": [ [ [ 849531.381693557137623, 1169214.348299963865429 ], [ 849529.615726991789415, 1169215.793613199377432 ], [ 849529.632296046824194, 1169215.780376883223653 ], [ 849529.648633283795789, 1169215.766855476889759 ], [ 849529.664733789977618, 1169215.753053039312363 ], [ 849529.680592740071006, 1169215.738973714644089 ], [ 849525.785882059601136, 1169218.92805848014541 ] ] ] } },
{ "type": "Feature", "properties": { "fid": 1329, "id": null, "BLOQUES": null, "DISTANCIA": null, "VELOCIDAD": null }, "geometry": { "type": "MultiLineString", "coordinates": [ [ [ 849531.810001724283211, 1169216.74645138788037 ], [ 849517.363176326500252, 1169227.544313629623502 ] ] ] } },
{ "type": "Feature", "properties": { "fid": 1330, "id": null, "BLOQUES": null, "DISTANCIA": null, "VELOCIDAD": null }, "geometry": { "type": "MultiLineString", "coordinates": [ [ [ 849525.785882059601136, 1169218.92805848014541 ], [ 849477.00787328358274, 1169254.84734713844955 ] ] ] } },
{ "type": "Feature", "properties": { "fid": 1331, "id": null, "BLOQUES": null, "DISTANCIA": null, "VELOCIDAD": null }, "geometry": { "type": "MultiLineString", "coordinates": [ [ [ 849517.363176326500252, 1169227.544313629623502 ], [ 849475.390778557630256, 1169258.66589159402065 ] ] ] } },
{ "type": "Feature", "properties": { "fid": 1332, "id": null, "BLOQUES": null, "DISTANCIA": null, "VELOCIDAD": null }, "geometry": { "type": "MultiLineString", "coordinates": [ [ [ 849477.00787328358274, 1169254.847347138216719 ], [ 849472.473111433209851, 1169258.58315253467299 ] ] ] } },
{ "type": "Feature", "properties": { "fid": 1333, "id": null, "BLOQUES": null, "DISTANCIA": null, "VELOCIDAD": null }, "geometry": { "type": "MultiLineString", "coordinates": [ [ [ 849475.390778557630256, 1169258.66589159402065 ], [ 849474.350125816534273, 1169259.432992100249976 ], [ 849474.338283514254726, 1169259.441819466184825 ], [ 849474.326596398255788, 1169259.450851295143366 ], [ 849474.31506800558418, 1169259.460084860445932 ], [ 849473.595397272147238, 1169259.990545794600621 ], [ 849446.898663566214964, 1169279.668397961882874 ] ] ] } },
{ "type": "Feature", "properties": { "fid": 1334, "id": null, "BLOQUES": null, "DISTANCIA": null, "VELOCIDAD": null }, "geometry": { "type": "MultiLineString", "coordinates": [ [ [ 849475.198254475719295, 1169261.730714122764766 ], [ 849474.157884285086766, 1169260.601219082484022 ], [ 849473.595397272147238, 1169259.990545794600621 ] ] ] } },
{ "type": "Feature", "properties": { "fid": 1336, "id": null, "BLOQUES": null, "DISTANCIA": null, "VELOCIDAD": null }, "geometry": { "type": "MultiLineString", "coordinates": [ [ [ 849446.898663566214964, 1169279.668397961882874 ], [ 849416.266466797911562, 1169301.421252968721092 ], [ 849416.250069522415288, 1169301.432976544601843 ], [ 849416.233877864200622, 1169301.444982504239306 ], [ 849416.21789668360725, 1169301.457267241785303 ], [ 849415.445164045901038, 1169302.004485042998567 ] ] ] } },
{ "type": "Feature", "properties": { "fid": 1337, "id": null, "BLOQUES": null, "DISTANCIA": null, "VELOCIDAD": null }, "geometry": { "type": "MultiLineString", "coordinates": [ [ [ 849415.445164045901038, 1169302.004485042998567 ], [ 849415.280097039300017, 1169302.107447943417355 ] ] ] } },
{ "type": "Feature", "properties": { "fid": 1338, "id": null, "BLOQUES": null, "DISTANCIA": null, "VELOCIDAD": null }, "geometry": { "type": "MultiLineString", "coordinates": [ [ [ 849415.280097039300017, 1169302.107447943417355 ], [ 849415.953125113039277, 1169302.997301244875416 ], [ 849415.964085805695504, 1169303.014217985328287 ], [ 849415.975337997660972, 1169303.030942250974476 ], [ 849415.986878311028704, 1169303.047469018958509 ], [ 849416.98693258757703, 1169304.377544013783336 ] ] ] } },
{ "type": "Feature", "properties": { "fid": 1340, "id": null, "BLOQUES": null, "DISTANCIA": null, "VELOCIDAD": null }, "geometry": { "type": "MultiLineString", "coordinates": [ [ [ 849415.280097039300017, 1169302.107447943417355 ], [ 849407.05462423118297, 1169308.841593616409227 ] ] ] } },
{ "type": "Feature", "properties": { "fid": 1341, "id": null, "BLOQUES": null, "DISTANCIA": null, "VELOCIDAD": null }, "geometry": { "type": "MultiLineString", "coordinates": [ [ [ 849407.05462423118297, 1169308.841593616409227 ], [ 849390.050257238908671, 1169321.378192657139152 ], [ 849385.355670481687412, 1169324.839837753912434 ] ] ] } },
{ "type": "Feature", "properties": { "fid": 1342, "id": null, "BLOQUES": null, "DISTANCIA": null, "VELOCIDAD": null }, "geometry": { "type": "MultiLineString", "coordinates": [ [ [ 849390.176443532342091, 1169320.305361697915941 ], [ 849390.277948714094236, 1169320.662220398895442 ] ] ] } },
{ "type": "Feature", "properties": { "fid": 1343, "id": null, "BLOQUES": null, "DISTANCIA": null, "VELOCIDAD": null }, "geometry": { "type": "MultiLineString", "coordinates": [ [ [ 849390.277948714094236, 1169320.662220398895442 ], [ 849390.252040287829004, 1169320.89897510712035 ] ] ] } },
{ "type": "Feature", "properties": { "fid": 1344, "id": null, "BLOQUES": null, "DISTANCIA": null, "VELOCIDAD": null }, "geometry": { "type": "MultiLineString", "coordinates": [ [ [ 849390.252040287829004, 1169320.89897510712035 ], [ 849390.148559702560306, 1169321.157039024867117 ], [ 849390.093553656945005, 1169321.285815123002976 ], [ 849390.050257238908671, 1169321.378192657139152 ] ] ] } },
{ "type": "Feature", "properties": { "fid": 1345, "id": null, "BLOQUES": null, "DISTANCIA": null, "VELOCIDAD": null }, "geometry": { "type": "MultiLineString", "coordinates": [ [ [ 849385.355670481687412, 1169324.839837753912434 ], [ 849352.618836234207265, 1169349.541130490833893 ], [ 849352.224943845532835, 1169349.838338556699455 ], [ 849344.775431025773287, 1169355.459303476382047 ] ] ] } },
{ "type": "Feature", "properties": { "fid": 1346, "id": null, "BLOQUES": null, "DISTANCIA": null, "VELOCIDAD": null }, "geometry": { "type": "MultiLineString", "coordinates": [ [ [ 849356.927816377603449, 1169355.057047202950343 ], [ 849356.927816377603449, 1169355.057047202950343 ], [ 849356.927816377603449, 1169355.057047202950343 ] ] ] } },
{ "type": "Feature", "properties": { "fid": 1347, "id": null, "BLOQUES": null, "DISTANCIA": null, "VELOCIDAD": null }, "geometry": { "type": "MultiLineString", "coordinates": [ [ [ 849357.017598870908841, 1169355.156677538063377 ], [ 849352.644554463680834, 1169350.303974304581061 ], [ 849352.637776251067407, 1169350.296442108694464 ], [ 849352.631129052839242, 1169350.288794043241069 ], [ 849352.624614848056808, 1169350.281032388331369 ], [ 849352.618235579575412, 1169350.273159454576671 ], [ 849352.224943845532835, 1169349.838338556699455 ] ] ] } },
{ "type": "Feature", "properties": { "fid": 1350, "id": null, "BLOQUES": null, "DISTANCIA": null, "VELOCIDAD": null }, "geometry": { "type": "MultiLineString", "coordinates": [ [ [ 849344.775431025773287, 1169355.459303476382047 ], [ 849290.621106484904885, 1169396.513586237560958 ], [ 849290.618545752484351, 1169396.515485893469304 ], [ 849290.616018497850746, 1169396.517429866362363 ], [ 849290.613525488646701, 1169396.519417567411438 ], [ 849290.611067482619546, 1169396.521448392421007 ], [ 849290.608645224710926, 1169396.523521725321189 ], [ 849290.606259448686615, 1169396.525636937469244 ], [ 849290.603910882375203, 1169396.527793386252597 ], [ 849290.601600232766941, 1169396.5299904178828 ], [ 849290.453019508160651, 1169396.641012631356716 ], [ 849284.28109274385497, 1169401.319937698310241 ] ] ] } },
{ "type": "Feature", "properties": { "fid": 1353, "id": null, "BLOQUES": null, "DISTANCIA": null, "VELOCIDAD": null }, "geometry": { "type": "MultiLineString", "coordinates": [ [ [ 849284.28109274385497, 1169401.319937698310241 ], [ 849233.950031495769508, 1169441.556488516042009 ], [ 849233.9528985156212, 1169441.552955202292651 ], [ 849233.989425530540757, 1169441.523755027912557 ], [ 849233.772770439274609, 1169441.696951945545152 ], [ 849227.039325082791038, 1169447.079756336985156 ] ] ] } },
{ "type": "Feature", "properties": { "fid": 1356, "id": null, "BLOQUES": null, "DISTANCIA": null, "VELOCIDAD": null }, "geometry": { "type": "MultiLineString", "coordinates": [ [ [ 849227.039325082791038, 1169447.079756336985156 ], [ 849196.122310672653839, 1169471.472413367824629 ] ] ] } },
{ "type": "Feature", "properties": { "fid": 1357, "id": null, "BLOQUES": null, "DISTANCIA": null, "VELOCIDAD": null }, "geometry": { "type": "MultiLineString", "coordinates": [ [ [ 849196.122310672653839, 1169471.472413367824629 ], [ 849194.687275410979055, 1169472.442897498141974 ], [ 849197.409093715948984, 1169478.578972950577736 ] ] ] } },
{ "type": "Feature", "properties": { "fid": 1358, "id": null, "BLOQUES": null, "DISTANCIA": null, "VELOCIDAD": null }, "geometry": { "type": "MultiLineString", "coordinates": [ [ [ 849596.681262668105774, 1169169.372977488674223 ], [ 849596.668352550826967, 1169169.363373539410532 ], [ 849596.655278100632131, 1169169.353994534350932 ], [ 849596.642043237923644, 1169169.344843283295631 ], [ 849596.628651930368505, 1169169.335922530153766 ], [ 849596.615108189405873, 1169169.327234949218109 ], [ 849596.601416077231988, 1169169.318783143535256 ], [ 849596.587579694809392, 1169169.310569647001103 ], [ 849596.573603192577139, 1169169.302596921334043 ], [ 849596.559490757295862, 1169169.294867356540635 ], [ 849596.545246623456478, 1169169.287383268820122 ], [ 849596.530875053489581, 1169169.280146902194247 ], [ 849596.516380361746997, 1169169.273160425480455 ], [ 849596.501766887959093, 1169169.266425932524726 ], [ 849596.487039016443305, 1169169.25994544220157 ], [ 849596.472201159689575, 1169169.253720896784216 ], [ 849596.457257765112445, 1169169.247754162177444 ], [ 849596.442213310860097, 1169169.242047026520595 ], [ 849596.427072310354561, 1169169.23660120065324 ], [ 849596.411839296342805, 1169169.231418317416683 ], [ 849596.396518837893382, 1169169.226499929791316 ], [ 849596.381115526659414, 1169169.221847511827946 ], [ 849596.365633980836719, 1169169.217462458182126 ], [ 849596.350078839343041, 1169169.213346083881333 ], [ 849596.33445476484485, 1169169.209499621763825 ], [ 849596.318766439799219, 1169169.205924225505441 ], [ 849596.303018568782136, 1169169.202620966127142 ], [ 849596.287215871736407, 1169169.199590834556147 ], [ 849596.271363080944866, 1169169.196834738366306 ], [ 849596.255464954068884, 1169169.194353503873572 ], [ 849596.239526253892109, 1169169.192147874971852 ], [ 849596.223551757400855, 1169169.190218512667343 ], [ 849596.207546253688633, 1169169.188565995078534 ], [ 849596.191514539183117, 1169169.187190818134695 ], [ 849596.175461419392377, 1169169.186093392781913 ], [ 849596.159391707042232, 1169169.185274049406871 ], [ 849596.143310218816623, 1169169.184733032714576 ], [ 849596.127221775357611, 1169169.184470505220816 ], [ 849596.111131195561029, 1169169.184486545156687 ], [ 849596.095043306704611, 1169169.18478114856407 ], [ 849596.078962928848341, 1169169.185354226501659 ], [ 849596.062894881819375, 1169169.186205607373267 ], [ 849596.046843982301652, 1169169.187335035763681 ], [ 849596.030815041391179, 1169169.188742173369974 ], [ 849596.014812863897532, 1169169.190426598535851 ], [ 849595.998842246481217, 1169169.192387806018814 ], [ 849595.982907975325361, 1169169.19462520792149 ], [ 849595.967014828231186, 1169169.197138134390116 ], [ 849595.951167564257048, 1169169.199925831286237 ], [ 849595.935370938270353, 1169169.202987463679165 ], [ 849595.919629683485255, 1169169.206322113517672 ], [ 849595.90394851914607, 1169169.209928781259805 ], [ 849595.888332144357264, 1169169.213806385872886 ], [ 849595.872785241226666, 1169169.217953765299171 ], [ 849595.857312466250733, 1169169.222369676223025 ], [ 849595.841918463003822, 1169169.227052795002237 ], [ 849595.826607842580415, 1169169.232001717900857 ], [ 849595.811385191744193, 1169169.237214961787686 ], [ 849595.796255077701062, 1169169.242690963903442 ], [ 849595.781222033081576, 1169169.248428082559258 ], [ 849595.76629056269303, 1169169.254424598766491 ], [ 849595.751465145382099, 1169169.260678714606911 ], [ 849595.736750223557465, 1169169.267188555793837 ], [ 849595.722150206565857, 1169169.273952170740813 ], [ 849595.707669471856207, 1169169.280967532424256 ], [ 849595.693312359158881, 1169169.288232537684962 ], [ 849595.679083173628896, 1169169.295745009556413 ], [ 849595.664986177580431, 1169169.303502695634961 ], [ 849595.651025600614958, 1169169.3115032708738 ], [ 849595.637205620296299, 1169169.31974433735013 ], [ 849595.623530385782942, 1169169.328223424730822 ], [ 849595.610003992565908, 1169169.336937991436571 ], [ 849595.596630496205762, 1169169.345885425340384 ], [ 849595.583413906162605, 1169169.35506304493174 ], [ 849595.570358181721531, 1169169.364468099083751 ], [ 849595.557467237580568, 1169169.374097768217325 ], [ 849595.544744937098585, 1169169.383949166629463 ] ] ] } },
{ "type": "Feature", "properties": { "fid": 1359, "id": null, "BLOQUES": null, "DISTANCIA": null, "VELOCIDAD": null }, "geometry": { "type": "MultiLineString", "coordinates": [ [ [ 849590.188052530633286, 1169145.913895994657651 ], [ 849602.640574749326333, 1169161.86976659251377 ] ] ] } },
{ "type": "Feature", "properties": { "fid": 1360, "id": null, "BLOQUES": null, "DISTANCIA": null, "VELOCIDAD": null }, "geometry": { "type": "MultiLineString", "coordinates": [ [ [ 849602.640574749326333, 1169161.86976659251377 ], [ 849602.72180380707141, 1169161.906103884102777 ], [ 849602.803647399297915, 1169161.941035029944032 ], [ 849602.886081186006777, 1169161.974549643229693 ], [ 849602.969080653507262, 1169162.006637755781412 ], [ 849603.052621117327362, 1169162.037289825733751 ], [ 849603.136677734553814, 1169162.066496736835688 ], [ 849603.221225507673807, 1169162.094249803805724 ], [ 849603.306239290512167, 1169162.12054077279754 ], [ 849603.39169380418025, 1169162.145361825358123 ], [ 849603.477563632768579, 1169162.168705580057576 ], [ 849603.563823242322542, 1169162.190565094351768 ], [ 849603.650446978164837, 1169162.210933867841959 ], [ 849603.737409080145881, 1169162.229805842973292 ], [ 849603.824683684622869, 1169162.247175406897441 ], [ 849603.912244840757921, 1169162.263037394499406 ], [ 849604.000066505512223, 1169162.277387088863179 ], [ 849604.088122562738135, 1169162.290220222203061 ], [ 849604.176386825158261, 1169162.301532977959141 ], [ 849604.264833044959232, 1169162.311321992427111 ], [ 849604.353434917400591, 1169162.31958435382694 ], [ 849604.442166094318964, 1169162.326317605329677 ], [ 849604.531000190181658, 1169162.331519744358957 ], [ 849604.619910781504586, 1169162.335189223987982 ], [ 849604.708871431648731, 1169162.337324952706695 ], [ 849604.79785568267107, 1169162.337926296051592 ], [ 849604.886837069410831, 1169162.336993074510247 ], [ 849604.975789137533866, 1169162.334525565616786 ], [ 849605.064685424091294, 1169162.3305245032534 ], [ 849605.15349949861411, 1169162.324991078116 ], [ 849605.242204946582206, 1169162.31792693445459 ], [ 849605.33077538467478, 1169162.309334174031392 ], [ 849605.419184481492266, 1169162.299215351697057 ], [ 849605.50740593764931, 1169162.287573477020487 ], [ 849605.59541351813823, 1169162.274412012193352 ], [ 849605.683181052561849, 1169162.259734871098772 ], [ 849605.770682438160293, 1169162.243546418379992 ], [ 849605.857891653082334, 1169162.225851468974724 ], [ 849605.944782764534466, 1169162.206655284389853 ], [ 849606.031329928897321, 1169162.185963574098423 ], [ 849606.117507408722304, 1169162.163782491115853 ], [ 849606.203289576806128, 1169162.14011863199994 ], [ 849606.288650920265354, 1169162.114979034056887 ], [ 849606.373566056601703, 1169162.088371173711494 ], [ 849606.458009729976766, 1169162.060302963713184 ], [ 849606.541956830769777, 1169162.030782751273364 ], [ 849606.625382391037419, 1169161.999819315737113 ], [ 849606.708261604653671, 1169161.967421864392236 ], [ 849606.790569817647338, 1169161.93360003340058 ], [ 849606.872282558004372, 1169161.898363879648969 ], [ 849606.953375524608418, 1169161.861723882611841 ], [ 849607.033824600279331, 1169161.82369093876332 ], [ 849607.113605858758092, 1169161.784276357851923 ], [ 849607.192695576697588, 1169161.743491862434894 ], [ 849607.27107023273129, 1169161.701349580893293 ], [ 849607.348706518299878, 1169161.657862045802176 ], [ 849607.425581345218234, 1169161.613042190205306 ], [ 849607.501671851845458, 1169161.56690334295854 ], [ 849607.57695541146677, 1169161.51945922523737 ], [ 849607.65140963322483, 1169161.47072394634597 ], [ 849607.725012375391088, 1169161.420711999759078 ] ] ] } },
{ "type": "Feature", "properties": { "fid": 1361, "id": null, "BLOQUES": null, "DISTANCIA": null, "VELOCIDAD": null }, "geometry": { "type": "MultiLineString", "coordinates": [ [ [ 849648.657388817053288, 1169218.753826071741059 ], [ 849598.96353840676602, 1169171.31487651867792 ] ] ] } },
{ "type": "Feature", "properties": { "fid": 1362, "id": null, "BLOQUES": null, "DISTANCIA": null, "VELOCIDAD": null }, "geometry": { "type": "MultiLineString", "coordinates": [ [ [ 849533.161007044953294, 1169316.951759038260207 ], [ 849475.178355718264356, 1169261.709110707044601 ] ] ] } },
{ "type": "Feature", "properties": { "fid": 1363, "id": null, "BLOQUES": null, "DISTANCIA": null, "VELOCIDAD": null }, "geometry": { "type": "MultiLineString", "coordinates": [ [ [ 849302.84549721959047, 1169513.237767252139747 ], [ 849236.750208921614103, 1169444.838818973395973 ], [ 849236.690709345741197, 1169444.775828761281446 ] ] ] } },
{ "type": "Feature", "properties": { "fid": 1364, "id": null, "BLOQUES": null, "DISTANCIA": null, "VELOCIDAD": null }, "geometry": { "type": "MultiLineString", "coordinates": [ [ [ 849361.612035365775228, 1169464.610856021288782 ], [ 849296.860437424387783, 1169403.192302688490599 ] ] ] } },
{ "type": "Feature", "properties": { "fid": null, "id": null, "BLOQUES": null, "DISTANCIA": null, "VELOCIDAD": null }, "geometry": { "type": "MultiLineString", "coordinates": [ [ [ 849357.017598870908841, 1169355.156677538063377 ], [ 849418.560612575849518, 1169415.075742398388684 ] ] ] } },
{ "type": "Feature", "properties": { "fid": 1366, "id": null, "BLOQUES": null, "DISTANCIA": null, "VELOCIDAD": null }, "geometry": { "type": "MultiLineString", "coordinates": [ [ [ 849476.619877472519875, 1169366.081346262712032 ], [ 849416.98693258757703, 1169304.377544013783336 ] ] ] } },
{ "type": "Feature", "properties": { "fid": 1367, "id": "Nousar", "BLOQUES": null, "DISTANCIA": null, "VELOCIDAD": null }, "geometry": { "type": "MultiLineString", "coordinates": [ [ [ 849816.632554323645309, 1169006.199970926623791 ], [ 849761.06063332548365, 1169055.841921268263832 ] ] ] } },
{ "type": "Feature", "properties": { "fid": 1368, "id": "Nousar", "BLOQUES": null, "DISTANCIA": null, "VELOCIDAD": null }, "geometry": { "type": "MultiLineString", "coordinates": [ [ [ 849818.703449834603816, 1169006.634393288986757 ], [ 849762.461679105996154, 1169056.154632323887199 ] ] ] } },
{ "type": "Feature", "properties": { "fid": 1369, "id": "Nousar", "BLOQUES": null, "DISTANCIA": null, "VELOCIDAD": null }, "geometry": { "type": "MultiLineString", "coordinates": [ [ [ 849820.672563259140588, 1169007.047464301809669 ], [ 849786.905475582578219, 1169036.514032367384061 ], [ 849764.003944071708247, 1169056.498863264452666 ] ] ] } },
{ "type": "Feature", "properties": { "fid": 1371, "id": null, "BLOQUES": null, "DISTANCIA": null, "VELOCIDAD": null }, "geometry": { "type": "MultiLineString", "coordinates": [ [ [ 849797.605057480162941, 1169155.960564624518156 ], [ 849761.240942248608917, 1169118.084646196570247 ] ] ] } },
{ "type": "Feature", "properties": { "fid": 1385, "id": null, "BLOQUES": null, "DISTANCIA": null, "VELOCIDAD": null }, "geometry": { "type": "MultiLineString", "coordinates": [ [ [ 849800.919811181141995, 1169008.665143818128854 ], [ 849800.863073444692418, 1169008.650366670219228 ], [ 849800.806090042809956, 1169008.636567151173949 ], [ 849800.748877818346955, 1169008.623749340185896 ], [ 849800.691453684354201, 1169008.6119170258753 ], [ 849800.633834613254294, 1169008.601073705824092 ], [ 849800.576037639053538, 1169008.591222585411742 ], [ 849800.518079844303429, 1169008.582366576651111 ], [ 849800.459978361148387, 1169008.574508296791464 ], [ 849800.401750363758765, 1169008.567650069016963 ], [ 849800.343413067515939, 1169008.561793921049684 ], [ 849800.284983710967936, 1169008.55694158305414 ], [ 849800.22647956723813, 1169008.553094489499927 ], [ 849800.167917931335978, 1169008.550253778230399 ], [ 849800.109316112822853, 1169008.548420288600028 ], [ 849800.050691434647888, 1169008.54759456217289 ], [ 849799.992061223136261, 1169008.547776843421161 ], [ 849799.933442811365239, 1169008.548967078328133 ], [ 849799.874853525194339, 1169008.551164915086702 ], [ 849799.816310685127974, 1169008.554369704099372 ], [ 849799.757831594441086, 1169008.558580498211086 ], [ 849799.699433537898585, 1169008.56379605201073 ], [ 849799.641133782453835, 1169008.570014825323597 ], [ 849799.582949555129744, 1169008.577234978089109 ], [ 849799.524898057803512, 1169008.58545437711291 ], [ 849799.466996449627914, 1169008.594670592807233 ], [ 849799.409261845401488, 1169008.604880900587887 ], [ 849799.351711312541738, 1169008.616082282736897 ], [ 849799.294361859909259, 1169008.628271427936852 ], [ 849799.237230440950952, 1169008.64144473313354 ], [ 849799.180333946133032, 1169008.655598304700106 ], [ 849799.123689189436845, 1169008.670727958437055 ], [ 849799.067312917439267, 1169008.686829222366214 ], [ 849799.011221792083234, 1169008.703897337662056 ], [ 849798.955432396614924, 1169008.721927258186042 ], [ 849798.899961219285615, 1169008.740913655143231 ], [ 849798.844824654748663, 1169008.760850915685296 ], [ 849798.790039005456492, 1169008.781733147101477 ], [ 849798.735620466177352, 1169008.803554176352918 ], [ 849798.681585119338706, 1169008.826307553099468 ], [ 849798.627948938403279, 1169008.849986552260816 ], [ 849798.574727779254317, 1169008.874584174249321 ], [ 849798.521937371930107, 1169008.900093147763982 ], [ 849798.469593321206048, 1169008.926505933282897 ], [ 849798.417711099609733, 1169008.95381472283043 ], [ 849798.36630604439415, 1169008.982011443935335 ], [ 849798.315393349039368, 1169009.011087762657553 ], [ 849798.264988063834608, 1169009.041035083821043 ], [ 849798.215105086448602, 1169009.071844554971904 ], [ 849798.165759164374322, 1169009.103507069172338 ], [ 849798.11696488247253, 1169009.136013267794624 ], [ 849798.068736664718017, 1169009.169353541452438 ], [ 849798.021088766516186, 1169009.203518035588786 ], [ 849797.97403527260758, 1169009.23849665094167 ], [ 849797.927590091712773, 1169009.274279048433527 ], [ 849797.881766951060854, 1169009.310854650801048 ] ] ] } },
{ "type": "Feature", "properties": { "fid": 1386, "id": null, "BLOQUES": null, "DISTANCIA": null, "VELOCIDAD": null }, "geometry": { "type": "MultiLineString", "coordinates": [ [ [ 849777.204957213252783, 1169026.02597089856863 ], [ 849797.881766951060854, 1169009.310854650801048 ] ] ] } },
{ "type": "Feature", "properties": { "fid": 1389, "id": null, "BLOQUES": null, "DISTANCIA": null, "VELOCIDAD": null }, "geometry": { "type": "MultiLineString", "coordinates": [ [ [ 849755.378605104400776, 1169048.499096029438078 ], [ 849747.791407714714296, 1169055.385051072109491 ], [ 849747.28828269103542, 1169055.840520723722875 ], [ 849745.017771775252186, 1169057.900857019238174 ] ] ] } },
{ "type": "Feature", "properties": { "fid": 1390, "id": "Nousar", "BLOQUES": null, "DISTANCIA": null, "VELOCIDAD": null }, "geometry": { "type": "MultiLineString", "coordinates": [ [ [ 849754.192336193984374, 1169054.308928929036483 ], [ 849754.085738633642904, 1169054.270953137660399 ], [ 849753.978501978446729, 1169054.234821430873126 ], [ 849753.870658126426861, 1169054.200544556602836 ], [ 849753.762239157687873, 1169054.168132710736245 ], [ 849753.653277322417125, 1169054.137595534790307 ], [ 849753.543805033201352, 1169054.108942112419754 ], [ 849753.43385485582985, 1169054.082180967088789 ], [ 849753.323459494160488, 1169054.057320059277117 ], [ 849753.212651787442155, 1169054.034366784151644 ], [ 849753.101464698673226, 1169054.013327969703823 ], [ 849752.989931299467571, 1169053.994209873955697 ], [ 849752.878084769588895, 1169053.977018183795735 ], [ 849752.765958377742209, 1169053.961758013581857 ], [ 849752.653585477150045, 1169053.94843390211463 ], [ 849752.540999495307915, 1169053.937049813568592 ], [ 849752.428233924787492, 1169053.927609133534133 ], [ 849752.315322307287715, 1169053.920114670647308 ], [ 849752.202298228046857, 1169053.914568654261529 ], [ 849752.089195310487412, 1169053.910972733981907 ], [ 849751.976047198986635, 1169053.90932797966525 ], [ 849751.862887548981234, 1169053.909634880255908 ], [ 849751.749750021728687, 1169053.911893344949931 ], [ 849751.636668274062686, 1169053.91610270133242 ], [ 849751.523675940232351, 1169053.922261697705835 ], [ 849751.410806633532047, 1169053.930368501925841 ], [ 849751.298093930003233, 1169053.940420702332631 ], [ 849751.185571354115382, 1169053.952415308915079 ], [ 849751.073272379348055, 1169053.966348753543571 ], [ 849750.961230410030112, 1169053.98221689183265 ], [ 849750.849478775984608, 1169054.000015003373846 ], [ 849750.73805071786046, 1169054.019737793598324 ], [ 849750.626979381078854, 1169054.041379396105185 ], [ 849750.516297809081152, 1169054.064933373127133 ], [ 849750.406038921559229, 1169054.090392718091607 ], [ 849750.296235517133027, 1169054.117749857949093 ], [ 849750.186920260312036, 1169054.146996654802933 ], [ 849750.078125667758286, 1169054.178124408936128 ], [ 849749.969884100020863, 1169054.211123860673979 ], [ 849749.862227758276276, 1169054.24598519387655 ], [ 849749.755188664770685, 1169054.282698038965464 ], [ 849749.648798660258763, 1169054.321251474553719 ], [ 849749.543089390965179, 1169054.361634032800794 ], [ 849749.438092301599681, 1169054.403833701042458 ], [ 849749.333838627440855, 1169054.447837926680222 ], [ 849749.23035937815439, 1169054.493633620208129 ], [ 849749.12768533511553, 1169054.541207158472389 ], [ 849749.025847042212263, 1169054.590544390259311 ], [ 849748.924874789314345, 1169054.641630639554933 ], [ 849748.824798614601605, 1169054.694450709968805 ], [ 849748.725648287334479, 1169054.748988889623433 ], [ 849748.627453300403431, 1169054.805228955112398 ], [ 849748.530242861481383, 1169054.86315417708829 ], [ 849748.434045890579, 1169054.922747324919328 ], [ 849748.338891000719741, 1169054.983990671578795 ], [ 849748.244806497124955, 1169055.046865999698639 ], [ 849748.151820367900655, 1169055.111354605760425 ], [ 849748.059960271581076, 1169055.177437306847423 ], [ 849747.969253534916788, 1169055.24509444553405 ], [ 849747.879727139370516, 1169055.314305896870792 ], [ 849747.791407714714296, 1169055.385051072109491 ], [ 849747.704321533092298, 1169055.457308927550912 ], [ 849747.618494500755332, 1169055.531057968735695 ], [ 849747.533952148165554, 1169055.606276258360595 ], [ 849747.450719622895122, 1169055.682941421400756 ], [ 849747.368821682641283, 1169055.761030652793124 ], [ 849747.28828269103542, 1169055.840520723722875 ] ] ] } },
{ "type": "Feature", "properties": { "fid": 1391, "id": "Nousar", "BLOQUES": null, "DISTANCIA": null, "VELOCIDAD": null }, "geometry": { "type": "MultiLineString", "coordinates": [ [ [ 849754.192336193984374, 1169054.308928929036483 ], [ 849761.06063332548365, 1169055.841921268263832 ], [ 849762.461679105996154, 1169056.154632323654369 ], [ 849764.003944071708247, 1169056.498863264452666 ] ] ] } },
{ "type": "Feature", "properties": { "fid": 1392, "id": null, "BLOQUES": null, "DISTANCIA": null, "VELOCIDAD": null }, "geometry": { "type": "MultiLineString", "coordinates": [ [ [ 849726.96320763498079, 1169067.791369128972292 ], [ 849726.909549784963019, 1169067.790782197844237 ], [ 849726.855889820843004, 1169067.791125416755676 ], [ 849726.80224387079943, 1169067.792398683261126 ], [ 849726.748628048459068, 1169067.794601614121348 ], [ 849726.695058463606983, 1169067.797733547398821 ], [ 849726.64155121287331, 1169067.801793542224914 ], [ 849726.588122375076637, 1169067.806780378799886 ], [ 849726.534788000397384, 1169067.812692558625713 ], [ 849726.481564115616493, 1169067.819528305437416 ], [ 849726.428466711658984, 1169067.827285565203056 ], [ 849726.37551174336113, 1169067.83596200728789 ], [ 849726.322715120040812, 1169067.845555024920031 ], [ 849726.270092706428841, 1169067.856061735656112 ], [ 849726.217660313355736, 1169067.867478982312605 ], [ 849726.165433695772663, 1169067.879803334595636 ], [ 849726.113428543088958, 1169067.893031089799479 ], [ 849726.061660482082516, 1169067.907158273039386 ], [ 849726.010145068750717, 1169067.922180640045553 ], [ 849725.958897780510597, 1169067.938093676464632 ], [ 849725.907934014103375, 1169067.954892602283508 ], [ 849725.857269083498977, 1169067.972572368569672 ], [ 849725.806918211048469, 1169067.991127664688975 ], [ 849725.756896524922922, 1169068.0105529143475 ], [ 849725.707219055620953, 1169068.030842281412333 ], [ 849725.657900727586821, 1169068.051989669678733 ], [ 849725.608956364216283, 1169068.073988724965602 ], [ 849725.56040066445712, 1169068.09683283790946 ], [ 849725.512248222483322, 1169068.12051514419727 ], [ 849725.464513503480703, 1169068.145028528291732 ], [ 849725.417210851097479, 1169068.170365625061095 ], [ 849725.370354478480294, 1169068.196518821408972 ], [ 849725.323958463035524, 1169068.223480259533972 ], [ 849725.278036746312864, 1169068.251241838326678 ], [ 849725.232603125739843, 1169068.279795216396451 ], [ 849725.187671250198036, 1169068.309131815098226 ], [ 849725.143254623981193, 1169068.339242819231004 ], [ 849725.099366589216515, 1169068.370119181694463 ], [ 849725.056020333548076, 1169068.401751625817269 ], [ 849725.013228880940005, 1169068.434130646754056 ], [ 849724.971005091443658, 1169068.46724651590921 ], [ 849724.929361645248719, 1169068.501089283265173 ], [ 849724.888311060378328, 1169068.535648780409247 ] ] ] } },
{ "type": "Feature", "properties": { "fid": 1393, "id": null, "BLOQUES": null, "DISTANCIA": null, "VELOCIDAD": null }, "geometry": { "type": "MultiLineString", "coordinates": [ [ [ 849726.96320763498079, 1169067.791369128972292 ], [ 849731.99391951574944, 1169067.877315451623872 ] ] ] } },
{ "type": "Feature", "properties": { "fid": 1394, "id": null, "BLOQUES": null, "DISTANCIA": null, "VELOCIDAD": null }, "geometry": { "type": "MultiLineString", "coordinates": [ [ [ 849731.99391951574944, 1169067.877315451623872 ], [ 849732.055923318257555, 1169067.874817689880729 ], [ 849732.117875034222379, 1169067.871254697442055 ], [ 849732.179756369907409, 1169067.866627527400851 ], [ 849732.241549042286351, 1169067.860937545774505 ], [ 849732.303234799997881, 1169067.854186433833092 ], [ 849732.364795423811302, 1169067.846376185305417 ], [ 849732.426212727441452, 1169067.837509107077494 ], [ 849732.487468570237979, 1169067.827587818726897 ], [ 849732.548544858000241, 1169067.816615250892937 ], [ 849732.60942355170846, 1169067.804594644345343 ], [ 849732.670086666825227, 1169067.791529549751431 ], [ 849732.730516284587793, 1169067.77742382674478 ], [ 849732.790694558527321, 1169067.762281641364098 ], [ 849732.85060370946303, 1169067.74610746675171 ], [ 849732.910226041800343, 1169067.728906079661101 ], [ 849732.969543945393525, 1169067.710682562552392 ], [ 849733.028539898106828, 1169067.69144229684025 ], [ 849733.087196473148651, 1169067.671190966386348 ], [ 849733.145496344193816, 1169067.649934553075582 ], [ 849733.203422294347547, 1169067.627679335419089 ], [ 849733.260957210208289, 1169067.604431887622923 ], [ 849733.318084096070379, 1169067.580199076095596 ], [ 849733.374786079395562, 1169067.554988059215248 ], [ 849733.431046409648843, 1169067.528806283138692 ], [ 849733.486848470754921, 1169067.501661482499912 ], [ 849733.542175779934041, 1169067.473561674356461 ], [ 849733.597011992824264, 1169067.444515159819275 ], [ 849733.651340912678279, 1169067.414530517533422 ], [ 849733.705146491061896, 1169067.383616605307907 ], [ 849733.758412835071795, 1169067.351782554760575 ], [ 849733.811124212108552, 1169067.31903776852414 ], [ 849733.863265050458722, 1169067.285391918383539 ], [ 849733.914819949655794, 1169067.250854943646118 ], [ 849733.965773681760766, 1169067.215437045320868 ], [ 849734.01611119415611, 1169067.179148685419932 ], [ 849734.065817619324662, 1169067.14200058276765 ], [ 849734.114878274966031, 1169067.104003710439429 ], [ 849734.163278669584543, 1169067.065169291570783 ], [ 849734.211004506796598, 1169067.025508797494695 ], [ 849734.258041687775403, 1169066.985033943085 ], [ 849734.304376320214942, 1169066.94375668396242 ], [ 849734.349994716467336, 1169066.901689212303609 ], [ 849734.394883402390406, 1169066.85884395474568 ] ] ] } },
{ "type": "Feature", "properties": { "fid": 1395, "id": null, "BLOQUES": null, "DISTANCIA": null, "VELOCIDAD": null }, "geometry": { "type": "MultiLineString", "coordinates": [ [ [ 849722.498359814635478, 1169078.424568209797144 ], [ 849722.492798374849372, 1169078.413113883696496 ], [ 849722.487436553579755, 1169078.401564766420051 ], [ 849722.482275969581679, 1169078.389924337156117 ], [ 849722.47731817420572, 1169078.378196102101356 ], [ 849722.472564665134996, 1169078.366383593529463 ], [ 849722.468016869970597, 1169078.354490369558334 ], [ 849722.463676159852184, 1169078.342520012054592 ], [ 849722.459543842589483, 1169078.330476126866415 ], [ 849722.455621162662283, 1169078.3183623412624 ], [ 849722.451909301336855, 1169078.306182304397225 ], [ 849722.448409376549534, 1169078.29393968405202 ], [ 849722.445122442557476, 1169078.281638168729842 ], [ 849722.442049489240162, 1169078.26928146276623 ], [ 849722.439191443147138, 1169078.256873288657516 ], [ 849722.436549162841402, 1169078.244417382869869 ], [ 849722.434123448096216, 1169078.231917497934774 ], [ 849722.431915025576018, 1169078.219377398723736 ], [ 849722.429924562573433, 1169078.206800861982629 ], [ 849722.4281526573468, 1169078.194191676098853 ], [ 849722.426599844940938, 1169078.181553638540208 ], [ 849722.425266591482796, 1169078.168890555854887 ], [ 849722.424153301049955, 1169078.156206242740154 ], [ 849722.423260307055898, 1169078.143504519481212 ], [ 849722.422587878536433, 1169078.130789211485535 ], [ 849722.42213621805422, 1169078.11806414835155 ], [ 849722.421905462164432, 1169078.105333163635805 ], [ 849722.421895679668523, 1169078.09260009159334 ], [ 849722.422106874524616, 1169078.079868767410517 ], [ 849722.42253898200579, 1169078.067143025808036 ], [ 849722.423191872076131, 1169078.054426699411124 ], [ 849722.424065350438468, 1169078.04172361898236 ], [ 849722.425159150501713, 1169078.02903761016205 ], [ 849722.426472945371643, 1169078.016372493933886 ], [ 849722.428006337489933, 1169078.003732085460797 ], [ 849722.42975886608474, 1169077.991120191756636 ], [ 849722.431730002746917, 1169077.978540611919016 ], [ 849722.433919155504555, 1169077.965997133869678 ], [ 849722.436325661838055, 1169077.953493536682799 ], [ 849722.438948800554499, 1169077.94103358592838 ], [ 849722.441787777817808, 1169077.928621035069227 ], [ 849722.444841741351411, 1169077.916259622201324 ], [ 849722.448109769495204, 1169077.903953070752323 ], [ 849722.451590879703872, 1169077.891705087618902 ], [ 849722.455284022260457, 1169077.879519361769781 ], [ 849722.459188085049391, 1169077.867399563314393 ], [ 849722.463301892741583, 1169077.855349343270063 ], [ 849722.467624203534797, 1169077.843372330069542 ], [ 849722.472153721144423, 1169077.831472132354975 ], [ 849722.476889075129293, 1169077.81965233408846 ], [ 849722.481828843709081, 1169077.807916495250538 ], [ 849722.486971536884084, 1169077.796268150676042 ], [ 849722.492315602838062, 1169077.78471080888994 ], [ 849722.497859440394677, 1169077.773247950943187 ], [ 849722.503601372125559, 1169077.761883029481396 ], [ 849722.509539669845253, 1169077.75061946734786 ], [ 849722.515672547626309, 1169077.73946065758355 ], [ 849722.521998155978508, 1169077.728409960865974 ], [ 849722.528514590580016, 1169077.717470705974847 ], [ 849722.535219888901338, 1169077.706646187463775 ], [ 849722.542112029506825, 1169077.695939665660262 ], [ 849722.549188938690349, 1169077.685354365734383 ], [ 849722.556448483257554, 1169077.674893475603312 ], [ 849722.563888478209265, 1169077.664560146164149 ], [ 849722.571506681619212, 1169077.654357489896938 ], [ 849722.579300799872726, 1169077.644288579467684 ], [ 849722.587268483825028, 1169077.634356448659673 ], [ 849722.595407335320488, 1169077.624564088182524 ], [ 849722.603714900906198, 1169077.614914447069168 ], [ 849722.612188679049723, 1169077.605410432675853 ], [ 849722.620826119207777, 1169077.596054907189682 ], [ 849722.629624618333764, 1169077.586850688792765 ], [ 849722.638581525301561, 1169077.577800549101084 ], [ 849722.647694143932313, 1169077.568907214561477 ], [ 849722.656959729967639, 1169077.560173363657668 ], [ 849722.666375491186045, 1169077.551601627608761 ], [ 849722.675938591593876, 1169077.543194587342441 ], [ 849722.685646151425317, 1169077.53495477559045 ] ] ] } },
{ "type": "Feature", "properties": { "fid": 1396, "id": null, "BLOQUES": null, "DISTANCIA": null, "VELOCIDAD": null }, "geometry": { "type": "MultiLineString", "coordinates": [ [ [ 849725.481418925453909, 1169081.64972632471472 ], [ 849722.498359814635478, 1169078.424568209797144 ] ] ] } },
{ "type": "Feature", "properties": { "fid": 1397, "id": null, "BLOQUES": null, "DISTANCIA": null, "VELOCIDAD": null }, "geometry": { "type": "MultiLineString", "coordinates": [ [ [ 849657.609096959931776, 1169125.080830163089558 ], [ 849657.593921622261405, 1169125.066340695368126 ], [ 849657.578498289803974, 1169125.052115494618192 ], [ 849657.562831560964696, 1169125.03815880510956 ], [ 849657.546926114475355, 1169125.0244747903198 ], [ 849657.53078669088427, 1169125.011067532701418 ], [ 849657.514418107573874, 1169124.99794103205204 ], [ 849657.497825247002766, 1169124.985099205281585 ], [ 849657.48101306008175, 1169124.972545882919803 ], [ 849657.463986562681384, 1169124.960284810047597 ], [ 849657.446750833420083, 1169124.948319644667208 ], [ 849657.429311015759595, 1169124.936653956538066 ], [ 849657.411672311951406, 1169124.925291226245463 ], [ 849657.393839983269572, 1169124.914234843105078 ], [ 849657.375819351407699, 1169124.903488106327131 ], [ 849657.357615791028365, 1169124.893054221756756 ], [ 849657.339234736165963, 1169124.882936301873997 ], [ 849657.320681666606106, 1169124.87313736602664 ], [ 849657.301962118828669, 1169124.863660336937755 ], [ 849657.283081677742302, 1169124.85450804233551 ], [ 849657.264045976451598, 1169124.845683212624863 ], [ 849657.244860693928786, 1169124.837188480421901 ], [ 849657.225531554082409, 1169124.82902638008818 ], [ 849657.206064322730526, 1169124.821199346799403 ], [ 849657.186464809579775, 1169124.813709715614095 ], [ 849657.166738858562894, 1169124.806559720775113 ], [ 849657.146892357617617, 1169124.799751495709643 ], [ 849657.126931226579472, 1169124.793287071399391 ], [ 849657.106861420092173, 1169124.787168376613408 ], [ 849657.086688928073272, 1169124.781397236511111 ], [ 849657.066419765353203, 1169124.775975372875109 ], [ 849657.046059981570579, 1169124.770904403645545 ], [ 849657.025615650578402, 1169124.76618584129028 ], [ 849657.005092869163491, 1169124.761821093270555 ], [ 849656.984497764147818, 1169124.757811462739483 ], [ 849656.963836476905271, 1169124.754158144816756 ], [ 849656.943115171627142, 1169124.750862230313942 ], [ 849656.922340030432679, 1169124.747924701776356 ], [ 849656.901517251622863, 1169124.745346436277032 ], [ 849656.880653049331158, 1169124.743128202389926 ], [ 849656.859753645723686, 1169124.741270662285388 ], [ 849656.838825276354328, 1169124.739774370100349 ], [ 849656.817874185508117, 1169124.738639771938324 ], [ 849656.796906622475944, 1169124.737867206800729 ], [ 849656.77592884353362, 1169124.73745690472424 ], [ 849656.75494710879866, 1169124.737408988410607 ], [ 849656.733967675245367, 1169124.737723471829668 ], [ 849656.712996802525595, 1169124.738400261616334 ], [ 849656.692040747031569, 1169124.739439155440778 ], [ 849656.671105762361549, 1169124.740839843638241 ], [ 849656.650198093033396, 1169124.74260190804489 ], [ 849656.629323975066654, 1169124.74472482339479 ], [ 849656.608489638543688, 1169124.747207955922931 ], [ 849656.58770129759796, 1169124.750050564762205 ], [ 849656.566965155187063, 1169124.753251802641898 ], [ 849656.546287398086861, 1169124.756810713559389 ], [ 849656.525674192002043, 1169124.760726236272603 ], [ 849656.505131690995768, 1169124.764997202437371 ], [ 849656.484666020609438, 1169124.76962233800441 ], [ 849656.464283287990838, 1169124.774600262753665 ], [ 849656.443989572813734, 1169124.779929492156953 ], [ 849656.423790931235999, 1169124.785608435748145 ], [ 849656.403693386120722, 1169124.791635399917141 ], [ 849656.383702939376235, 1169124.798008585814387 ], [ 849656.363825548556633, 1169124.804726092843339 ], [ 849656.344067147583701, 1169124.811785916332155 ], [ 849656.32443363009952, 1169124.819185950327665 ], [ 849656.304930853191763, 1169124.826923987129703 ], [ 849656.285564634250477, 1169124.834997718222439 ], [ 849656.266340753645636, 1169124.843404734740034 ], [ 849656.247264943551272, 1169124.852142528630793 ], [ 849656.228342898306437, 1169124.86120849289 ], [ 849656.209580262191594, 1169124.870599923189729 ], [ 849656.19098262861371, 1169124.880314017413184 ], [ 849656.172555551514961, 1169124.890347877750173 ], [ 849656.154304525349289, 1169124.90069851023145 ], [ 849656.136234996374696, 1169124.91136282728985 ], [ 849656.118352355784737, 1169124.922337647294626 ], [ 849656.100661936565302, 1169124.933619695948437 ], [ 849656.083169018151239, 1169124.945205607451499 ], [ 849656.065878819208592, 1169124.957091925200075 ], [ 849656.048796497518197, 1169124.969275103416294 ], [ 849656.031927149859257, 1169124.981751506682485 ], [ 849656.015275808400474, 1169124.994517413200811 ], [ 849655.998847442911938, 1169125.007569014560431 ], [ 849655.982646950986236, 1169125.020902416901663 ] ] ] } },
{ "type": "Feature", "properties": { "fid": 1398, "id": null, "BLOQUES": null, "DISTANCIA": null, "VELOCIDAD": null }, "geometry": { "type": "MultiLineString", "coordinates": [ [ [ 849656.823523251106963, 1169124.353602815186605 ], [ 849655.982646950986236, 1169125.020902416901663 ], [ 849609.489823626121506, 1169160.323297743918374 ] ] ] } },
{ "type": "Feature", "properties": { "fid": 1399, "id": null, "BLOQUES": null, "DISTANCIA": null, "VELOCIDAD": null }, "geometry": { "type": "MultiLineString", "coordinates": [ [ [ 849538.930855643586256, 1169214.398768554907292 ], [ 849538.905783331370912, 1169214.36448878236115 ], [ 849538.881312776356936, 1169214.32977688498795 ], [ 849538.857451432850212, 1169214.294643424917012 ], [ 849538.834206556668505, 1169214.259099093265831 ], [ 849538.811585225630552, 1169214.223154705483466 ], [ 849538.789594315574504, 1169214.186821199022233 ], [ 849538.768240523175336, 1169214.150109629379585 ], [ 849538.747530346154235, 1169214.113031167769805 ], [ 849538.727470085723326, 1169214.075597096467391 ], [ 849538.708065844490193, 1169214.037818806711584 ], [ 849538.689323528436944, 1169213.999707792885602 ], [ 849538.671248839003965, 1169213.961275652516633 ], [ 849538.653847279958427, 1169213.922534080222249 ], [ 849538.637124143540859, 1169213.883494863286614 ], [ 849538.621084516635165, 1169213.844169882126153 ], [ 849538.605733282282017, 1169213.804571102373302 ], [ 849538.591075112228282, 1169213.764710573013872 ], [ 849538.577114464365877, 1169213.724600423593074 ], [ 849538.563855589949526, 1169213.684252858860418 ], [ 849538.551302520325407, 1169213.643680156208575 ], [ 849538.539459076011553, 1169213.602894661016762 ], [ 849538.528328861808404, 1169213.561908784555271 ], [ 849538.517915264819749, 1169213.520734997466207 ], [ 849538.508221452124417, 1169213.479385828599334 ], [ 849538.499250374385156, 1169213.437873860355467 ], [ 849538.49100476084277, 1169213.396211723797023 ], [ 849538.483487121528015, 1169213.35441209631972 ], [ 849538.476699743652716, 1169213.312487696995959 ], [ 849538.470644693588838, 1169213.270451283082366 ], [ 849538.465323809417896, 1169213.228315645596012 ], [ 849538.460738714085892, 1169213.186093605589122 ], [ 849538.456890802248381, 1169213.143798010889441 ], [ 849538.45378124457784, 1169213.101441731210798 ], [ 849538.451410987763666, 1169213.059037655591965 ], [ 849538.449780750554055, 1169213.01659868680872 ], [ 849538.448891033302061, 1169212.974137738114223 ], [ 849538.448742102598771, 1169212.931667730212212 ], [ 849538.449334006523713, 1169212.889201585901901 ], [ 849538.450666563818231, 1169212.846752227284014 ], [ 849538.452739367610775, 1169212.804332570871338 ], [ 849538.455551790073514, 1169212.761955524794757 ], [ 849538.459102974738926, 1169212.719633983680978 ], [ 849538.463391838944517, 1169212.677380825392902 ], [ 849538.468417079653591, 1169212.63520890660584 ], [ 849538.474177167285234, 1169212.593131060712039 ], [ 849538.480670348159038, 1169212.551160090370104 ], [ 849538.487894648802467, 1169212.509308766806498 ], [ 849538.495847867336124, 1169212.467589825857431 ], [ 849538.504527587792836, 1169212.426015961216763 ], [ 849538.513931165798567, 1169212.384599823504686 ], [ 849538.524055741494521, 1169212.343354015145451 ], [ 849538.534898233483545, 1169212.302291086409241 ], [ 849538.546455343835987, 1169212.261423532152548 ], [ 849538.558723555412143, 1169212.220763788558543 ], [ 849538.571699132909998, 1169212.180324227316305 ], [ 849538.585378131363541, 1169212.140117153525352 ], [ 849538.59975638508331, 1169212.100154801970348 ], [ 849538.614829521859065, 1169212.060449332464486 ], [ 849538.630592954927124, 1169212.021012827288359 ], [ 849538.647041884367354, 1169211.981857285602018 ], [ 849538.664171310374513, 1169211.942994622746482 ], [ 849538.681976014282554, 1169211.904436663724482 ], [ 849538.700450587435625, 1169211.866195141337812 ], [ 849538.719589396612719, 1169211.82828169176355 ], [ 849538.739386626635678, 1169211.790707851760089 ], [ 849538.759836250916123, 1169211.753485054709017 ], [ 849538.780932046822272, 1169211.716624626656994 ], [ 849538.80266759567894, 1169211.680137783987448 ], [ 849538.825036282418296, 1169211.644035629462451 ], [ 849538.848031301866286, 1169211.608329147100449 ], [ 849538.871645656763576, 1169211.573029203806072 ], [ 849538.895872161025181, 1169211.538146540056914 ], [ 849538.920703443349339, 1169211.503691769670695 ], [ 849538.946131946402602, 1169211.46967537747696 ], [ 849538.972149933804758, 1169211.436107714194804 ], [ 849538.998749489430338, 1169211.402998993871734 ], [ 849539.025922521250322, 1169211.370359290391207 ], [ 849539.053660756326281, 1169211.338198536308482 ], [ 849539.081955754896626, 1169211.306526518426836 ], [ 849539.110798909794539, 1169211.275352872442454 ], [ 849539.140181442606263, 1169211.244687085272744 ], [ 849539.17009441240225, 1169211.214538487838581 ], [ 849539.200528720626608, 1169211.184916253667325 ], [ 849539.231475101551041, 1169211.155829397030175 ], [ 849539.262924141483381, 1169211.127286768052727 ], [ 849539.294866269687191, 1169211.099297052249312 ], [ 849539.327291767578572, 1169211.071868766332045 ], [ 849539.360190767562017, 1169211.045010256115347 ], [ 849539.39355325861834, 1169211.018729695118964 ], [ 849539.427369090495631, 1169210.99303507944569 ] ] ] } },
{ "type": "Feature", "properties": { "fid": 1400, "id": null, "BLOQUES": null, "DISTANCIA": null, "VELOCIDAD": null }, "geometry": { "type": "MultiLineString", "coordinates": [ [ [ 849529.818449258804321, 1169214.069427377777174 ], [ 849529.831496362457983, 1169214.086145832901821 ], [ 849529.844251840491779, 1169214.103087834082544 ], [ 849529.856711868313141, 1169214.120248294901103 ], [ 849529.868872698862106, 1169214.137622063513845 ], [ 849529.880730686010793, 1169214.155203924281523 ], [ 849529.892282266751863, 1169214.172988598700613 ], [ 849529.903523973654956, 1169214.190970747265965 ], [ 849529.914452435215935, 1169214.209144971799105 ], [ 849529.925064363633282, 1169214.227505816146731 ], [ 849529.935356578673236, 1169214.246047767344862 ], [ 849529.945325989741832, 1169214.264765259576961 ], [ 849529.954969602171332, 1169214.283652673242614 ], [ 849529.964284520945512, 1169214.302704338217154 ], [ 849529.973267950932495, 1169214.32191453455016 ], [ 849529.981917194207199, 1169214.341277495259419 ], [ 849529.990229655522853, 1169214.36078740702942 ], [ 849529.998202836606652, 1169214.380438413005322 ], [ 849530.005834346287884, 1169214.400224613025784 ], [ 849530.013121891766787, 1169214.420140068046749 ], [ 849530.020063288859092, 1169214.440178798045963 ], [ 849530.026656445697881, 1169214.460334787610918 ], [ 849530.032899390673265, 1169214.480601985240355 ], [ 849530.038790246238932, 1169214.500974306836724 ], [ 849530.044327244511805, 1169214.521445635240525 ], [ 849530.049508721800521, 1169214.542009826051071 ], [ 849530.054333127336577, 1169214.562660704832524 ], [ 849530.058799006976187, 1169214.583392071770504 ], [ 849530.062905022525229, 1169214.604197703069076 ], [ 849530.066649941029027, 1169214.625071352813393 ], [ 849530.070032639428973, 1169214.64600675390102 ], [ 849530.073052098974586, 1169214.666997621301562 ], [ 849530.075707416166551, 1169214.688037653220817 ], [ 849530.077997791930102, 1169214.709120533661917 ], [ 849530.079922541161068, 1169214.73023993242532 ], [ 849530.081481082946993, 1169214.75138950929977 ], [ 849530.082672951859422, 1169214.772562914993614 ], [ 849530.083497788058594, 1169214.79375379299745 ], [ 849530.083955344511196, 1169214.814955780981109 ], [ 849530.084045485360548, 1169214.836162514286116 ], [ 849530.083768183249049, 1169214.85736762592569 ], [ 849530.083123519201763, 1169214.878564750077203 ], [ 849530.08211168833077, 1169214.899747522780672 ], [ 849530.080732994480059, 1169214.920909584732726 ], [ 849530.078987852321006, 1169214.942044582450762 ], [ 849530.076876781298779, 1169214.963146171299741 ], [ 849530.07440042309463, 1169214.984208015957847 ], [ 849530.071559515316039, 1169215.005223793443292 ], [ 849530.0683549111709, 1169215.026187194278464 ], [ 849530.064787574927323, 1169215.047091925051063 ], [ 849530.060858575510792, 1169215.067931709811091 ], [ 849530.056569094303995, 1169215.088700292166322 ], [ 849530.051920418394729, 1169215.109391436912119 ], [ 849530.04691394220572, 1169215.129998931894079 ], [ 849530.041551169939339, 1169215.15051659103483 ], [ 849530.035833711503074, 1169215.170938254334033 ], [ 849530.029763283906505, 1169215.191257790895179 ], [ 849530.023341708583757, 1169215.211469100322574 ], [ 849530.016570914071053, 1169215.231566115049645 ], [ 849530.009452931582928, 1169215.251542801270261 ], [ 849530.001989901298657, 1169215.271393161965534 ], [ 849529.994184060487896, 1169215.291111237835139 ], [ 849529.986037752125412, 1169215.310691108927131 ], [ 849529.977553426171653, 1169215.330126896966249 ], [ 849529.968733626184985, 1169215.349412766983733 ], [ 849529.959581002476625, 1169215.368542929412797 ], [ 849529.950098298490047, 1169215.387511641019955 ], [ 849529.940288366284221, 1169215.406313206534833 ], [ 849529.930154146975838, 1169215.424941981909797 ], [ 849529.919698684243485, 1169215.443392374552786 ], [ 849529.908925119554624, 1169215.461658844957128 ], [ 849529.897836684249341, 1169215.479735909262672 ], [ 849529.886436708737165, 1169215.497618140885606 ], [ 849529.87472861353308, 1169215.515300170751289 ], [ 849529.862715916591696, 1169215.532776690786704 ], [ 849529.850402221898548, 1169215.550042453920469 ], [ 849529.83779122645501, 1169215.567092277109623 ], [ 849529.82488671655301, 1169215.583921041339636 ], [ 849529.811692568473518, 1169215.600523694651201 ], [ 849529.798212740221061, 1169215.616895251907408 ], [ 849529.784451280487701, 1169215.633030798984692 ], [ 849529.770412319805473, 1169215.648925491608679 ], [ 849529.756100073223934, 1169215.664574557449669 ], [ 849529.741518837749027, 1169215.679973298683763 ], [ 849529.726672990946099, 1169215.695117092458531 ], [ 849529.71156698919367, 1169215.710001392289996 ], [ 849529.69620536826551, 1169215.724621729226783 ], [ 849529.680592740071006, 1169215.738973714644089 ], [ 849529.664733789977618, 1169215.753053039312363 ], [ 849529.648633283795789, 1169215.766855476889759 ], [ 849529.632296046824194, 1169215.780376883223653 ], [ 849529.615726991789415, 1169215.793613199377432 ] ] ] } },
{ "type": "Feature", "properties": { "fid": 1401, "id": null, "BLOQUES": null, "DISTANCIA": null, "VELOCIDAD": null }, "geometry": { "type": "MultiLineString", "coordinates": [ [ [ 849474.137985526933335, 1169260.579615667462349 ], [ 849474.130085357115604, 1169260.567135687218979 ], [ 849474.122403261833824, 1169260.554520301520824 ], [ 849474.114941556355916, 1169260.541773321339861 ], [ 849474.107702495995909, 1169260.528898595599458 ], [ 849474.100688266684301, 1169260.515900013269857 ], [ 849474.09390098717995, 1169260.502781499642879 ], [ 849474.087342707207426, 1169260.489547017263249 ], [ 849474.081015407224186, 1169260.476200563134626 ], [ 849474.07492099807132, 1169260.462746168021113 ], [ 849474.069061322137713, 1169260.449187895748764 ], [ 849474.063438146840781, 1169260.435529840644449 ], [ 849474.058053172542714, 1169260.421776128234342 ], [ 849474.052908024168573, 1169260.407930911984295 ], [ 849474.048004256212153, 1169260.393998373998329 ], [ 849474.043343349709176, 1169260.379982721526176 ], [ 849474.038926711538807, 1169260.365888188127428 ], [ 849474.03475567640271, 1169260.351719030411914 ], [ 849474.030831506010145, 1169260.337479527806863 ], [ 849474.027155380463228, 1169260.323173980694264 ], [ 849474.023728414904326, 1169260.308806710178033 ], [ 849474.020551641704515, 1169260.294382055290043 ], [ 849474.017626021173783, 1169260.279904372058809 ], [ 849474.01495243771933, 1169260.265378033742309 ], [ 849474.012531697168015, 1169260.250807426869869 ], [ 849474.010364531539381, 1169260.236196952871978 ], [ 849474.008451595786028, 1169260.221551023889333 ], [ 849474.006793466047384, 1169260.206874063471332 ], [ 849474.00539064523764, 1169260.19217050424777 ], [ 849474.004243554314598, 1169260.177444786997512 ], [ 849474.003352544154041, 1169260.162701359484345 ], [ 849474.002717879484408, 1169260.147944674128667 ], [ 849474.002339753322303, 1169260.133179188007489 ], [ 849474.002218279987574, 1169260.11840936052613 ], [ 849474.002353497198783, 1169260.10363965225406 ], [ 849474.00274536293, 1169260.088874524459243 ], [ 849474.003393760300241, 1169260.074118436081335 ], [ 849474.004298490704969, 1169260.059375843964517 ], [ 849474.00545928219799, 1169260.044651200296357 ], [ 849474.006875784136355, 1169260.029948953073472 ], [ 849474.008547571138479, 1169260.015273541910574 ], [ 849474.01047413458582, 1169260.000629399437457 ], [ 849474.012654895428568, 1169259.986020948272198 ], [ 849474.015089191496372, 1169259.971452600322664 ], [ 849474.017776293214411, 1169259.956928756320849 ], [ 849474.020715384744108, 1169259.942453801864758 ], [ 849474.023905578418635, 1169259.928032109048218 ], [ 849474.027345913345926, 1169259.913668033666909 ], [ 849474.031035346910357, 1169259.899365913821384 ], [ 849474.034972768859006, 1169259.885130068985745 ], [ 849474.039156986982562, 1169259.870964798610657 ], [ 849474.043586737476289, 1169259.856874381424859 ], [ 849474.048260684590787, 1169259.842863071942702 ], [ 849474.053177416091785, 1169259.828935103258118 ], [ 849474.058335445355624, 1169259.815094680991024 ], [ 849474.063733216840774, 1169259.801345985382795 ], [ 849474.069369098404422, 1169259.787693168967962 ], [ 849474.075241389102302, 1169259.774140355177224 ], [ 849474.08134831325151, 1169259.760691636940464 ], [ 849474.087688031606376, 1169259.747351076453924 ], [ 849474.094258623081259, 1169259.734122702619061 ], [ 849474.101058107684366, 1169259.72101051080972 ], [ 849474.108084430219606, 1169259.708018461009488 ], [ 849474.115335468086414, 1169259.695150477113202 ], [ 849474.122809032443911, 1169259.682410445529968 ], [ 849474.130502864834853, 1169259.669802214251831 ], [ 849474.138414642657153, 1169259.657329590991139 ], [ 849474.146541976369917, 1169259.644996342482045 ], [ 849474.154882410308346, 1169259.632806194247678 ], [ 849474.163433425710537, 1169259.620762827573344 ], [ 849474.172192442347296, 1169259.608869879739359 ], [ 849474.181156811653636, 1169259.597130942856893 ], [ 849474.190323828021064, 1169259.585549562238157 ], [ 849474.199690721230581, 1169259.57412923569791 ], [ 849474.209254664368927, 1169259.562873412622139 ], [ 849474.219012767309323, 1169259.55178549210541 ], [ 849474.228962086024694, 1169259.5408688231837 ], [ 849474.239099608967081, 1169259.530126702971756 ], [ 849474.249422280583531, 1169259.519562375498936 ], [ 849474.259926981641911, 1169259.509179031709209 ], [ 849474.270610538311303, 1169259.498979807598516 ], [ 849474.281469724257477, 1169259.488967783283442 ], [ 849474.292501260759309, 1169259.479145982768387 ], [ 849474.303701815544628, 1169259.46951737254858 ], [ 849474.31506800558418, 1169259.460084860445932 ], [ 849474.326596398255788, 1169259.450851295143366 ], [ 849474.338283514254726, 1169259.441819466184825 ], [ 849474.350125816534273, 1169259.432992100249976 ] ] ] } },
{ "type": "Feature", "properties": { "fid": 1402, "id": null, "BLOQUES": null, "DISTANCIA": null, "VELOCIDAD": null }, "geometry": { "type": "MultiLineString", "coordinates": [ [ [ 849415.986878311028704, 1169303.047469018958509 ], [ 849415.975337997660972, 1169303.030942250974476 ], [ 849415.964085805695504, 1169303.014217985328287 ], [ 849415.953125113039277, 1169302.997301244875416 ], [ 849415.942459211568348, 1169302.980197109514847 ], [ 849415.932091306429356, 1169302.962910715956241 ], [ 849415.922024508123286, 1169302.945447255391628 ], [ 849415.912261840188876, 1169302.927811972331256 ], [ 849415.902806236059405, 1169302.910010162275285 ], [ 849415.893660534871742, 1169302.892047171480954 ], [ 849415.884827482979745, 1169302.873928394867107 ], [ 849415.876309731160291, 1169302.855659272987396 ], [ 849415.868109841481782, 1169302.837245292728767 ], [ 849415.860230271704495, 1169302.818691983353347 ], [ 849415.852673391345888, 1169302.800004917196929 ], [ 849415.845441469573416, 1169302.781189705710858 ], [ 849415.83853667601943, 1169302.762251999229193 ], [ 849415.831961087067612, 1169302.743197485106066 ], [ 849415.825716675608419, 1169302.724031885387376 ], [ 849415.819805314997211, 1169302.704760955879465 ], [ 849415.814228786737658, 1169302.68539048358798 ], [ 849415.808988759177737, 1169302.665926285553724 ], [ 849415.804086809046566, 1169302.646374206990004 ], [ 849415.79952440795023, 1169302.626740119885653 ], [ 849415.795302925747819, 1169302.607029920211062 ], [ 849415.791423629736528, 1169302.587249527219683 ], [ 849415.787887684535235, 1169302.567404880886897 ], [ 849415.784696154296398, 1169302.54750194074586 ], [ 849415.781849996885285, 1169302.527546684490517 ], [ 849415.779350062599406, 1169302.507545103784651 ], [ 849415.777197107556276, 1169302.487503205891699 ], [ 849415.775391776813194, 1169302.467427009483799 ], [ 849415.773934612283483, 1169302.447322543244809 ], [ 849415.772826051921584, 1169302.427195845171809 ], [ 849415.772066426463425, 1169302.407052959082648 ], [ 849415.771655966993421, 1169302.386899934150279 ], [ 849415.77159479574766, 1169302.366742822574452 ], [ 849415.771882930886932, 1169302.346587677951902 ], [ 849415.77252028346993, 1169302.326440552482381 ], [ 849415.773506667464972, 1169302.306307496270165 ], [ 849415.774841782753356, 1169302.28619455662556 ], [ 849415.776525228982791, 1169302.266107772476971 ], [ 849415.778556501609273, 1169302.246053176466376 ], [ 849415.780934989103116, 1169302.226036791224033 ], [ 849415.783659978536889, 1169302.206064627505839 ], [ 849415.786730651278049, 1169302.186142683494836 ], [ 849415.790146085550077, 1169302.166276941541582 ], [ 849415.79390525422059, 1169302.146473367698491 ], [ 849415.798007030040026, 1169302.126737908925861 ], [ 849415.802450178540312, 1169302.107076492393389 ], [ 849415.807233368046582, 1169302.087495021987706 ], [ 849415.812355162575841, 1169302.06799937854521 ], [ 849415.817814021953382, 1169302.048595416825265 ], [ 849415.823608307167888, 1169302.029288963414729 ], [ 849415.829736280837096, 1169302.010085816495121 ], [ 849415.836196097894572, 1169301.990991743747145 ], [ 849415.842985823634081, 1169301.972012477694079 ], [ 849415.850103414268233, 1169301.953153719194233 ], [ 849415.857546737766825, 1169301.934421130921692 ], [ 849415.86531355290208, 1169301.915820339228958 ], [ 849415.873401530203409, 1169301.897356929024681 ], [ 849415.881808239617385, 1169301.879036445869133 ], [ 849415.890531158307567, 1169301.860864391317591 ], [ 849415.899567665881477, 1169301.842846222221851 ], [ 849415.908915049163625, 1169301.824987350031734 ], [ 849415.918570501613431, 1169301.807293137768283 ], [ 849415.928531118202955, 1169301.789768899092451 ], [ 849415.938793917302974, 1169301.772419896442443 ], [ 849415.949355809367262, 1169301.755251340335235 ], [ 849415.960213623708114, 1169301.738268386106938 ], [ 849415.971364102791995, 1169301.721476134378463 ], [ 849415.982803895371035, 1169301.704879627563059 ], [ 849415.994529565796256, 1169301.688483850099146 ], [ 849416.006537594133988, 1169301.672293724957854 ], [ 849416.018824373721145, 1169301.656314115272835 ], [ 849416.031386215123348, 1169301.640549818985164 ], [ 849416.044219346600585, 1169301.62500557070598 ], [ 849416.057319910614751, 1169301.609686038456857 ], [ 849416.07068397779949, 1169301.594595822505653 ], [ 849416.084307532175444, 1169301.579739454900846 ], [ 849416.098186481976882, 1169301.565121396677569 ], [ 849416.112316660233773, 1169301.550746038323268 ], [ 849416.126693824189715, 1169301.536617696052417 ], [ 849416.14131365576759, 1169301.522740613669157 ], [ 849416.156171765178442, 1169301.509118958376348 ], [ 849416.171263687429018, 1169301.495756820077077 ], [ 849416.186584894545376, 1169301.482658212538809 ], [ 849416.202130781719461, 1169301.469827068736777 ], [ 849416.21789668360725, 1169301.457267241785303 ], [ 849416.233877864200622, 1169301.444982504239306 ], [ 849416.250069522415288, 1169301.432976544601843 ], [ 849416.266466797911562, 1169301.421252968721092 ] ] ] } },
{ "type": "Feature", "properties": { "fid": 1403, "id": null, "BLOQUES": null, "DISTANCIA": null, "VELOCIDAD": null }, "geometry": { "type": "MultiLineString", "coordinates": [ [ [ 849390.176443532342091, 1169320.305361697915941 ], [ 849377.858749051578343, 1169303.953964106971398 ] ] ] } },
{ "type": "Feature", "properties": { "fid": 1404, "id": null, "BLOQUES": null, "DISTANCIA": null, "VELOCIDAD": null }, "geometry": { "type": "MultiLineString", "coordinates": [ [ [ 849352.618836234207265, 1169349.541130490833893 ], [ 849352.61258071125485, 1169349.549102101707831 ], [ 849352.606463708681986, 1169349.557180494070053 ], [ 849352.600487048737705, 1169349.565363261615857 ], [ 849352.594652512692846, 1169349.573647966608405 ], [ 849352.588961838162504, 1169349.582032140810043 ], [ 849352.583416720386595, 1169349.590513285715133 ], [ 849352.578018813626841, 1169349.599088875576854 ], [ 849352.5727697230177, 1169349.60775635461323 ], [ 849352.56767101387959, 1169349.616513140965253 ], [ 849352.562724203802645, 1169349.625356625998393 ], [ 849352.557930769165978, 1169349.634284174768254 ], [ 849352.553292135940865, 1169349.643293127650395 ], [ 849352.548809689003974, 1169349.652380800340325 ], [ 849352.544484758167528, 1169349.66154448594898 ], [ 849352.54031863680575, 1169349.670781454304233 ], [ 849352.536312564392574, 1169349.680088953115046 ], [ 849352.532467734068632, 1169349.689464209368452 ], [ 849352.528785292408429, 1169349.698904430726543 ], [ 849352.525266336509958, 1169349.70840680366382 ], [ 849352.521911914460361, 1169349.717968497890979 ], [ 849352.518723024637438, 1169349.727586664492264 ], [ 849352.515700617572293, 1169349.737258438253775 ], [ 849352.512845594668761, 1169349.746980937430635 ], [ 849352.510158806340769, 1169349.756751265609637 ], [ 849352.507641052245162, 1169349.766566511942074 ], [ 849352.505293081398122, 1169349.776423752075061 ], [ 849352.50311559648253, 1169349.786320049548522 ], [ 849352.501109243487008, 1169349.796252455795184 ], [ 849352.499274621950462, 1169349.806218012003228 ], [ 849352.497612276580185, 1169349.816213749349117 ], [ 849352.496122704120353, 1169349.826236688764766 ], [ 849352.494806346250698, 1169349.836283845128492 ], [ 849352.493663599831052, 1169349.846352225169539 ], [ 849352.492694800719619, 1169349.856438828865066 ], [ 849352.491900238790549, 1169349.866540651302785 ], [ 849352.491280151181854, 1169349.876654683612287 ], [ 849352.490834723459557, 1169349.886777910869569 ], [ 849352.490564086125232, 1169349.896907318849117 ], [ 849352.490468321368098, 1169349.907039888901636 ], [ 849352.490547457011417, 1169349.917172602610663 ], [ 849352.490801471169107, 1169349.92730244086124 ], [ 849352.491230285726488, 1169349.937426386401057 ], [ 849352.491833774838597, 1169349.947541421512142 ], [ 849352.492611757596023, 1169349.957644534762949 ], [ 849352.493564002215862, 1169349.967732714721933 ], [ 849352.494690226623788, 1169349.977802956476808 ], [ 849352.495990092284046, 1169349.987852259771898 ], [ 849352.497463215258904, 1169349.997877630405128 ], [ 849352.499109154101461, 1169350.00787608185783 ], [ 849352.500927419750951, 1169350.01784463529475 ], [ 849352.502917469246313, 1169350.027780320961028 ], [ 849352.505078712012619, 1169350.037680178647861 ], [ 849352.507410502294078, 1169350.047541258390993 ], [ 849352.509912144159898, 1169350.057360623497516 ], [ 849352.512582897441462, 1169350.067135347751901 ], [ 849352.515421961899847, 1169350.076862519141287 ], [ 849352.518428491894156, 1169350.086539239622653 ], [ 849352.521601591492072, 1169350.09616262675263 ], [ 849352.524940317962319, 1169350.105729812756181 ], [ 849352.528443676652387, 1169350.115237948019058 ], [ 849352.532110620988533, 1169350.124684199457988 ], [ 849352.535940060392022, 1169350.134065752848983 ], [ 849352.539930852712132, 1169350.143379813292995 ], [ 849352.544081811676733, 1169350.152623605914414 ], [ 849352.548391696531326, 1169350.161794376559556 ], [ 849352.552859224146232, 1169350.170889393193647 ], [ 849352.557483067619614, 1169350.179905946133658 ], [ 849352.562261847080663, 1169350.188841349445283 ], [ 849352.567194135626778, 1169350.197692940477282 ], [ 849352.572278467356227, 1169350.206458082655445 ], [ 849352.577513327123597, 1169350.215134164318442 ], [ 849352.582897154497914, 1169350.223718600347638 ], [ 849352.588428347138688, 1169350.232208834029734 ], [ 849352.594105253694579, 1169350.240602335659787 ], [ 849352.599926188355312, 1169350.248896604403853 ], [ 849352.605889409547672, 1169350.257089168997481 ], [ 849352.611993146361783, 1169350.265177588909864 ], [ 849352.618235579575412, 1169350.273159454576671 ], [ 849352.624614848056808, 1169350.281032388331369 ], [ 849352.631129052839242, 1169350.288794043241069 ], [ 849352.637776251067407, 1169350.296442108694464 ], [ 849352.644554463680834, 1169350.303974304581061 ] ] ] } },
{ "type": "Feature", "properties": { "fid": 1406, "id": null, "BLOQUES": null, "DISTANCIA": null, "VELOCIDAD": null }, "geometry": { "type": "MultiLineString", "coordinates": [ [ [ 849244.574587770039216, 1169341.058170146774501 ], [ 849164.63195259263739, 1169402.280032901093364 ] ] ] } },
{ "type": "Feature", "properties": { "fid": 1408, "id": null, "BLOQUES": null, "DISTANCIA": null, "VELOCIDAD": null }, "geometry": { "type": "MultiLineString", "coordinates": [ [ [ 849197.409093715948984, 1169478.578972950577736 ], [ 849244.157261848915368, 1169526.710751619655639 ] ] ] } },
{ "type": "Feature", "properties": { "fid": 1409, "id": null, "BLOQUES": null, "DISTANCIA": null, "VELOCIDAD": null }, "geometry": { "type": "MultiLineString", "coordinates": [ [ [ 849164.63195259263739, 1169402.280032901093364 ], [ 849163.127954731229693, 1169403.414015626069158 ] ] ] } },
{ "type": "Feature", "properties": { "fid": 1410, "id": null, "BLOQUES": null, "DISTANCIA": null, "VELOCIDAD": null }, "geometry": { "type": "MultiLineString", "coordinates": [ [ [ 849290.592611038358882, 1169396.783738549565896 ], [ 849290.590502998209558, 1169396.781346435192972 ], [ 849290.58843694627285, 1169396.77891796361655 ], [ 849290.586413508281112, 1169396.776453871978447 ], [ 849290.584433301817626, 1169396.77395490789786 ], [ 849290.582496923394501, 1169396.771421829238534 ], [ 849290.58060496347025, 1169396.768855405272916 ], [ 849290.578757994808257, 1169396.766256414586678 ], [ 849290.576956578297541, 1169396.763625645777211 ], [ 849290.575201259925961, 1169396.76096389698796 ], [ 849290.573492574039847, 1169396.758271976141259 ], [ 849290.571831038221717, 1169396.755550700007007 ], [ 849290.570217156317085, 1169396.752800894435495 ], [ 849290.568651418900117, 1169396.750023393891752 ], [ 849290.567134298733436, 1169396.747219040757045 ], [ 849290.565666261361912, 1169396.744388686493039 ], [ 849290.564247744274326, 1169396.741533189779148 ], [ 849290.562879184843041, 1169396.738653417211026 ], [ 849290.561560996691696, 1169396.735750242369249 ], [ 849290.560293577727862, 1169396.732824546517804 ], [ 849290.559077315032482, 1169396.729877217207104 ], [ 849290.557912575430237, 1169396.726909149205312 ], [ 849290.556799714686349, 1169396.723921242635697 ], [ 849290.555739067844115, 1169396.720914404606447 ], [ 849290.554730959585868, 1169396.717889547115192 ], [ 849290.553775693639182, 1169396.714847588445991 ], [ 849290.552873561275192, 1169396.711789451306686 ], [ 849290.552024835254997, 1169396.708716063993052 ], [ 849290.551229774137028, 1169396.705628358991817 ], [ 849290.55048861715477, 1169396.70252727298066 ], [ 849290.549801592016593, 1169396.699413747526705 ], [ 849290.549168905243278, 1169396.696288726991042 ], [ 849290.548590749502182, 1169396.693153159925714 ], [ 849290.548067300580442, 1169396.6900079974439 ], [ 849290.547598717035726, 1169396.686854194384068 ], [ 849290.547185139381327, 1169396.683692707447335 ], [ 849290.5468266941607, 1169396.680524496128783 ], [ 849290.546523492084816, 1169396.677350521553308 ], [ 849290.546275623026304, 1169396.674171747174114 ], [ 849290.546083164168522, 1169396.670989137375727 ], [ 849290.545946171274409, 1169396.667803658172488 ], [ 849290.54586468776688, 1169396.664616275578737 ], [ 849290.54583873716183, 1169396.661427957704291 ], [ 849290.545868327724747, 1169396.65823967102915 ], [ 849290.545953451888636, 1169396.655052383895963 ], [ 849290.546094081248157, 1169396.651867063250393 ], [ 849290.546290175872855, 1169396.648684675339609 ], [ 849290.546541674761102, 1169396.645506186177954 ], [ 849290.546848501777276, 1169396.642332559917122 ], [ 849290.547210563207045, 1169396.639164760010317 ], [ 849290.547627750551328, 1169396.636003747116774 ], [ 849290.548099934938364, 1169396.632850481197238 ], [ 849290.548626976669766, 1169396.629705918719992 ], [ 849290.549208711949177, 1169396.626571013825014 ], [ 849290.549844967201352, 1169396.623446717858315 ], [ 849290.550535547430627, 1169396.620333978906274 ], [ 849290.55128024390433, 1169396.617233741562814 ], [ 849290.552078833570704, 1169396.614146946463734 ], [ 849290.552931066718884, 1169396.611074530519545 ], [ 849290.553836690727621, 1169396.608017425285652 ], [ 849290.554795430391096, 1169396.604976559290662 ], [ 849290.555806993739679, 1169396.601952855242416 ], [ 849290.556871070177294, 1169396.598947230027989 ], [ 849290.557987345498987, 1169396.595960596343502 ], [ 849290.559155470924452, 1169396.592993860365823 ], [ 849290.560375100933015, 1169396.590047921752557 ], [ 849290.561645857524127, 1169396.587123675039038 ], [ 849290.562967361067422, 1169396.584222007542849 ], [ 849290.56433920818381, 1169396.581343799829483 ], [ 849290.565760982921347, 1169396.578489924781024 ], [ 849290.567232253262773, 1169396.575661248527467 ], [ 849290.568752573803067, 1169396.572858629981056 ], [ 849290.570321482955478, 1169396.57008291920647 ], [ 849290.571938504115678, 1169396.567334958352149 ], [ 849290.573603146476671, 1169396.564615581184626 ], [ 849290.57531490479596, 1169396.561925613554195 ], [ 849290.577073261607438, 1169396.5592658710666 ], [ 849290.57887768081855, 1169396.556637160945684 ], [ 849290.580727616325021, 1169396.554040281102061 ], [ 849290.582622505491599, 1169396.5514760192018 ], [ 849290.584561774157919, 1169396.548945153597742 ], [ 849290.586544835357927, 1169396.546448452398181 ], [ 849290.58857108396478, 1169396.543986672768369 ], [ 849290.590639909147285, 1169396.541560562327504 ], [ 849290.592750678770244, 1169396.539170856820419 ], [ 849290.594902755459771, 1169396.536818281048909 ], [ 849290.597095485776663, 1169396.534503550035879 ], [ 849290.599328204058111, 1169396.532227365300059 ], [ 849290.601600232766941, 1169396.5299904178828 ], [ 849290.603910882375203, 1169396.527793386252597 ], [ 849290.606259448686615, 1169396.525636937469244 ], [ 849290.608645224710926, 1169396.523521725321189 ], [ 849290.611067482619546, 1169396.521448392421007 ], [ 849290.613525488646701, 1169396.519417567411438 ], [ 849290.616018497850746, 1169396.517429866362363 ], [ 849290.618545752484351, 1169396.515485893469304 ], [ 849290.621106484904885, 1169396.513586237560958 ] ] ] } },
{ "type": "Feature", "properties": { "fid": 1411, "id": null, "BLOQUES": null, "DISTANCIA": null, "VELOCIDAD": null }, "geometry": { "type": "MultiLineString", "coordinates": [ [ [ 849290.453019508160651, 1169396.641012631123886 ], [ 849290.497712803306058, 1169396.686709469649941 ] ] ] } },
{ "type": "Feature", "properties": { "fid": 1412, "id": null, "BLOQUES": null, "DISTANCIA": null, "VELOCIDAD": null }, "geometry": { "type": "MultiLineString", "coordinates": [ [ [ 849290.497712803306058, 1169396.686709469649941 ], [ 849296.860437424387783, 1169403.192302688490599 ] ] ] } },
{ "type": "Feature", "properties": { "fid": 1413, "id": null, "BLOQUES": null, "DISTANCIA": null, "VELOCIDAD": null }, "geometry": { "type": "MultiLineString", "coordinates": [ [ [ 849233.772770439274609, 1169441.696951945545152 ], [ 849233.825195556040853, 1169441.751986197894439 ] ] ] } },
{ "type": "Feature", "properties": { "fid": 1414, "id": null, "BLOQUES": null, "DISTANCIA": null, "VELOCIDAD": null }, "geometry": { "type": "MultiLineString", "coordinates": [ [ [ 849233.9528985156212, 1169441.552955202292651 ], [ 849233.950031495769508, 1169441.556488516042009 ], [ 849233.947226335527375, 1169441.560071141924709 ], [ 849233.944483891595155, 1169441.563701996812597 ], [ 849233.941804986330681, 1169441.567379982909188 ], [ 849233.93919043277856, 1169441.571103988913819 ], [ 849233.936641019419767, 1169441.574872888624668 ], [ 849233.934157516923733, 1169441.578685542801395 ], [ 849233.931740677333437, 1169441.582540798932314 ], [ 849233.92939122999087, 1169441.586437491700053 ], [ 849233.927109886310063, 1169441.590374442748725 ], [ 849233.924897336168215, 1169441.594350462546572 ], [ 849233.92275424557738, 1169441.598364348756149 ], [ 849233.920681266346946, 1169441.602414887864143 ], [ 849233.918679022463039, 1169441.606500856112689 ], [ 849233.916748119168915, 1169441.610621017869562 ], [ 849233.914889142150059, 1169441.614774127025157 ], [ 849233.913102651597001, 1169441.618958928855136 ], [ 849233.911389189423062, 1169441.623174158157781 ], [ 849233.909749270766042, 1169441.627418540650979 ], [ 849233.908183393767104, 1169441.631690793437883 ], [ 849233.906692030024715, 1169441.635989624774083 ], [ 849233.905275632510893, 1169441.640313735231757 ], [ 849233.903934627538547, 1169441.64466181746684 ], [ 849233.902669420232996, 1169441.64903255738318 ], [ 849233.901480397558771, 1169441.653424633666873 ], [ 849233.900367910857312, 1169441.657836718484759 ], [ 849233.899332302156836, 1169441.662267477950081 ], [ 849233.898373884730972, 1169441.666715573053807 ], [ 849233.89749294554349, 1169441.671179658733308 ], [ 849233.896689752815291, 1169441.675658385735005 ], [ 849233.895964548457414, 1169441.680150400148705 ], [ 849233.895317554241046, 1169441.684654344106093 ], [ 849233.894748959690332, 1169441.689168856013566 ], [ 849233.894258941640146, 1169441.693692571017891 ], [ 849233.893847648752853, 1169441.698224121704698 ], [ 849233.893515203031711, 1169441.702762138098478 ], [ 849233.893261703662574, 1169441.707305248826742 ], [ 849233.893087231786922, 1169441.711852079955861 ], [ 849233.892991837463342, 1169441.716401257319376 ], [ 849233.892975546652451, 1169441.720951405586675 ], [ 849233.89303837006446, 1169441.725501149194315 ], [ 849233.893180284416303, 1169441.730049113044515 ], [ 849233.893401252338663, 1169441.734593922039494 ], [ 849233.893701198743656, 1169441.739134202245623 ], [ 849233.894080038298853, 1169441.74366858182475 ], [ 849233.894537656218745, 1169441.748195689171553 ], [ 849233.895073912572116, 1169441.752714155940339 ], [ 849233.895688645774499, 1169441.757222616579384 ], [ 849233.896381671074778, 1169441.761719708330929 ], [ 849233.897152777761221, 1169441.766204070765525 ], [ 849233.898001732770354, 1169441.770674349274486 ], [ 849233.898928280570544, 1169441.775129192043096 ], [ 849233.899932140251622, 1169441.779567252378911 ], [ 849233.901013008318841, 1169441.783987189177424 ], [ 849233.902170558925718, 1169441.788387665525079 ], [ 849233.903404440614395, 1169441.792767351493239 ], [ 849233.904714281205088, 1169441.797124923439696 ], [ 849233.906099682673812, 1169441.801459063775837 ], [ 849233.907560230698436, 1169441.805768462596461 ], [ 849233.909095480805263, 1169441.810051816515625 ], [ 849233.910704969195649, 1169441.814307830994949 ], [ 849233.912388209602796, 1169441.818535219877958 ], [ 849233.914144692709669, 1169441.82273270492442 ], [ 849233.915973887662403, 1169441.826899017207325 ], [ 849233.917875244165771, 1169441.831032897345722 ], [ 849233.919848183169961, 1169441.835133095737547 ], [ 849233.921892108628526, 1169441.839198372792453 ], [ 849233.924006407149136, 1169441.843227499397472 ], [ 849233.926190435187891, 1169441.847219258081168 ], [ 849233.928443533019163, 1169441.851172441616654 ], [ 849233.930765022756532, 1169441.855085855349898 ], [ 849233.933154198806733, 1169441.858958316035569 ], [ 849233.935610339627601, 1169441.86278865323402 ], [ 849233.938132704235613, 1169441.866575709078461 ], [ 849233.940720530576073, 1169441.870318338042125 ], [ 849233.943373033776879, 1169441.874015409499407 ], [ 849233.946089413948357, 1169441.877665806096047 ], [ 849233.948868849780411, 1169441.881268423516303 ], [ 849233.951710500521585, 1169441.884822173276916 ], [ 849233.954613506793976, 1169441.888325980864465 ], [ 849233.957576991408132, 1169441.891778786666691 ], [ 849233.960600060061552, 1169441.895179547602311 ], [ 849233.963681797147729, 1169441.898527235956863 ], [ 849233.96682127204258, 1169441.901820838451385 ], [ 849233.970017532818019, 1169441.905059360200539 ], [ 849233.973269616253674, 1169441.908241822384298 ] ] ] } },
{ "type": "Feature", "properties": { "fid": 1415, "id": null, "BLOQUES": null, "DISTANCIA": null, "VELOCIDAD": null }, "geometry": { "type": "MultiLineString", "coordinates": [ [ [ 849233.825195556040853, 1169441.751986197894439 ], [ 849236.690709345741197, 1169444.775828761281446 ] ] ] } },
{ "type": "Feature", "properties": { "fid": 1416, "id": null, "BLOQUES": null, "DISTANCIA": null, "VELOCIDAD": null }, "geometry": { "type": "MultiLineString", "coordinates": [ [ [ 849790.916257675620727, 1169006.652302900562063 ], [ 849783.518460523686372, 1169008.231231152778491 ], [ 849746.466583949397318, 1169032.143295944202691 ] ] ] } },
{ "type": "Feature", "properties": { "fid": 1417, "id": null, "BLOQUES": null, "DISTANCIA": null, "VELOCIDAD": null }, "geometry": { "type": "MultiLineString", "coordinates": [ [ [ 849590.529577222536318, 1169080.630505094770342 ], [ 849620.853893333114684, 1169057.920857397373766 ] ] ] } },
{ "type": "Feature", "properties": { "fid": 1419, "id": null, "BLOQUES": null, "DISTANCIA": null, "VELOCIDAD": null }, "geometry": { "type": "MultiLineString", "coordinates": [ [ [ 849602.851643291418441, 1169008.090475416975096 ], [ 849602.851643291418441, 1169008.090475416975096 ], [ 849602.851643291418441, 1169008.090475416975096 ] ] ] } },
{ "type": "Feature", "properties": { "fid": 1421, "id": null, "BLOQUES": null, "DISTANCIA": null, "VELOCIDAD": null }, "geometry": { "type": "MultiLineString", "coordinates": [ [ [ 849566.144016642821953, 1168945.579661873169243 ], [ 849485.108847189578228, 1169002.669176418334246 ] ] ] } },
{ "type": "Feature", "properties": { "fid": 1422, "id": null, "BLOQUES": null, "DISTANCIA": null, "VELOCIDAD": null }, "geometry": { "type": "MultiLineString", "coordinates": [ [ [ 849566.144016642821953, 1168945.579661873402074 ], [ 849562.009470199933276, 1168939.57769270776771 ] ] ] } },
{ "type": "Feature", "properties": { "fid": 1423, "id": null, "BLOQUES": null, "DISTANCIA": null, "VELOCIDAD": null }, "geometry": { "type": "MultiLineString", "coordinates": [ [ [ 849566.144016642821953, 1168945.579661873402074 ], [ 849566.526796956080943, 1168946.038205075077713 ], [ 849589.668699922272936, 1168973.760535354726017 ] ] ] } },
{ "type": "Feature", "properties": { "fid": 1424, "id": null, "BLOQUES": null, "DISTANCIA": null, "VELOCIDAD": null }, "geometry": { "type": "MultiLineString", "coordinates": [ [ [ 849589.668699922272936, 1168973.760535354726017 ], [ 849602.970366726396605, 1168991.62151743657887 ] ] ] } },
{ "type": "Feature", "properties": { "fid": 1426, "id": "Salidaposco2", "BLOQUES": null, "DISTANCIA": null, "VELOCIDAD": null }, "geometry": { "type": "MultiLineString", "coordinates": [ [ [ 849494.439956506481394, 1168928.243472254602239 ], [ 849496.518219502293505, 1168929.804540598532185 ], [ 849498.757016220246442, 1168931.486192385666072 ], [ 849500.188810429419391, 1168932.69764305325225 ], [ 849500.482758353813551, 1168933.510076197562739 ], [ 849500.535119233420119, 1168934.226160996360704 ], [ 849500.373092605732381, 1168934.571905080694705 ], [ 849499.779385138303041, 1168935.406896680127829 ], [ 849497.166741668595932, 1168937.454726379131898 ], [ 849491.790213164989837, 1168941.554323453456163 ], [ 849482.193754966603592, 1168948.992695588385686 ] ] ] } },
{ "type": "Feature", "properties": { "fid": 1427, "id": "Salidaposco2", "BLOQUES": null, "DISTANCIA": null, "VELOCIDAD": null }, "geometry": { "type": "MultiLineString", "coordinates": [ [ [ 849494.439956506481394, 1168928.243472254136577 ], [ 849473.827878457843326, 1168911.499480960192159 ] ] ] } },
{ "type": "Feature", "properties": { "fid": 1428, "id": "Salidaposco2", "BLOQUES": null, "DISTANCIA": null, "VELOCIDAD": null }, "geometry": { "type": "MultiLineString", "coordinates": [ [ [ 849496.518219502293505, 1168929.804540598532185 ], [ 849495.974281231639907, 1168931.976099120453 ], [ 849495.30190220894292, 1168933.598827777430415 ], [ 849493.863173579098657, 1168935.954650362487882 ], [ 849491.019194119377062, 1168939.441591238602996 ], [ 849490.535228132852353, 1168939.85795652330853 ], [ 849483.639285629615188, 1168944.995592584367841 ] ] ] } },
{ "type": "Feature", "properties": { "fid": 1429, "id": "Salidaposco2", "BLOQUES": null, "DISTANCIA": null, "VELOCIDAD": null }, "geometry": { "type": "MultiLineString", "coordinates": [ [ [ 849473.827878457843326, 1168911.499480960192159 ], [ 849472.160431250929832, 1168910.90157064050436 ], [ 849469.866957556689158, 1168910.834329745499417 ], [ 849467.659678951371461, 1168911.499662145040929 ], [ 849465.055871624150313, 1168912.856201126240194 ], [ 849460.49809683940839, 1168916.448531629052013 ], [ 849456.628396810614504, 1168919.293126150034368 ], [ 849433.731984318466857, 1168937.106260143220425 ] ] ] } },
{ "type": "Feature", "properties": { "fid": 1430, "id": null, "BLOQUES": null, "DISTANCIA": null, "VELOCIDAD": null }, "geometry": { "type": "MultiLineString", "coordinates": [ [ [ 849433.731984318466857, 1168937.106260143220425 ], [ 849363.851303329109214, 1168991.321454401127994 ] ] ] } },
{ "type": "Feature", "properties": { "fid": 1437, "id": null, "BLOQUES": null, "DISTANCIA": null, "VELOCIDAD": null }, "geometry": { "type": "MultiLineString", "coordinates": [ [ [ 849746.466583949397318, 1169032.143295944202691 ], [ 849745.100906802224927, 1169033.005979672539979 ] ] ] } },
{ "type": "Feature", "properties": { "fid": 1438, "id": null, "BLOQUES": null, "DISTANCIA": null, "VELOCIDAD": null }, "geometry": { "type": "MultiLineString", "coordinates": [ [ [ 849693.844986736541614, 1169005.464270638069138 ], [ 849678.306994468090124, 1169016.921264190925285 ] ] ] } },
{ "type": "Feature", "properties": { "fid": 1439, "id": null, "BLOQUES": null, "DISTANCIA": null, "VELOCIDAD": null }, "geometry": { "type": "MultiLineString", "coordinates": [ [ [ 849581.910696560284123, 1168925.075273057445884 ], [ 849562.009470199933276, 1168939.577692707534879 ], [ 849558.900231027742848, 1168941.768098986009136 ] ] ] } },
{ "type": "Feature", "properties": { "fid": 1440, "id": null, "BLOQUES": null, "DISTANCIA": null, "VELOCIDAD": null }, "geometry": { "type": "MultiLineString", "coordinates": [ [ [ 849485.108847189578228, 1169002.669176418334246 ], [ 849482.967790341004729, 1169004.136151901446283 ] ] ] } },
{ "type": "Feature", "properties": { "fid": 1441, "id": null, "BLOQUES": null, "DISTANCIA": null, "VELOCIDAD": null }, "geometry": { "type": "MultiLineString", "coordinates": [ [ [ 849482.967790341004729, 1169004.136151901446283 ], [ 849412.645442140172236, 1169057.64523127861321 ] ] ] } },
{ "type": "Feature", "properties": { "fid": 1442, "id": null, "BLOQUES": null, "DISTANCIA": null, "VELOCIDAD": null }, "geometry": { "type": "MultiLineString", "coordinates": [ [ [ 849368.145249223220162, 1168938.57573345862329 ], [ 849315.849637697800063, 1168977.751105449860916 ] ] ] } },
{ "type": "Feature", "properties": { "fid": 1443, "id": null, "BLOQUES": null, "DISTANCIA": null, "VELOCIDAD": null }, "geometry": { "type": "MultiLineString", "coordinates": [ [ [ 849363.851303329109214, 1168991.321454401127994 ], [ 849387.027783637517132, 1169022.517852230928838 ] ] ] } },
{ "type": "Feature", "properties": { "fid": 1444, "id": "Entradaposco2", "BLOQUES": null, "DISTANCIA": null, "VELOCIDAD": null }, "geometry": { "type": "MultiLineString", "coordinates": [ [ [ 849467.891015119617805, 1168955.446990308584645 ], [ 849456.624436739366502, 1168964.893374269129708 ] ] ] } },
{ "type": "Feature", "properties": { "fid": 1445, "id": "Entradaposco2", "BLOQUES": null, "DISTANCIA": null, "VELOCIDAD": null }, "geometry": { "type": "MultiLineString", "coordinates": [ [ [ 849456.624436739366502, 1168964.893374269129708 ], [ 849456.598272249335423, 1168964.954775116406381 ], [ 849456.573174503399059, 1168965.016619661124423 ], [ 849456.549151021288708, 1168965.078889372292906 ], [ 849456.526209003408439, 1168965.141565590398386 ], [ 849456.504355320939794, 1168965.204629535553977 ], [ 849456.483596525387838, 1168965.268062310758978 ], [ 849456.46393883577548, 1168965.331844908650964 ], [ 849456.445388140971772, 1168965.395958217093721 ], [ 849456.42795000388287, 1168965.46038302523084 ], [ 849456.411629645386711, 1168965.525100028142333 ], [ 849456.396431956556626, 1168965.590089833829552 ], [ 849456.382361492491327, 1168965.655332968104631 ], [ 849456.369422469288111, 1168965.720809882273898 ], [ 849456.35761876415927, 1168965.786500955466181 ], [ 849456.346953912288882, 1168965.852386503946036 ], [ 849456.337431112071499, 1168965.918446785770357 ], [ 849456.329053213470615, 1168965.984662006143481 ], [ 849456.321822730009444, 1168966.051012323936448 ], [ 849456.315741827012971, 1168966.117477857740596 ], [ 849456.310812326264568, 1168966.18403869192116 ], [ 849456.307035706937313, 1168966.250674880808219 ], [ 849456.30441309872549, 1168966.31736645847559 ], [ 849456.302945285104215, 1168966.384093439904973 ], [ 849456.302632711245678, 1168966.450835831928998 ], [ 849456.30347546597477, 1168966.517573634628206 ], [ 849456.305473301326856, 1168966.584286851109937 ], [ 849456.308625614619814, 1168966.650955490535125 ], [ 849456.312931463588029, 1168966.717559576267377 ], [ 849456.318389558116905, 1168966.784079150529578 ], [ 849456.324998260242864, 1168966.850494281388819 ], [ 849456.332755592651665, 1168966.916785067645833 ], [ 849456.341659230063669, 1168966.982931646518409 ], [ 849456.351706502377056, 1168967.048914195969701 ], [ 849456.362894402700476, 1168967.114712945884094 ], [ 849456.37521957536228, 1168967.180308179231361 ], [ 849456.388678329065442, 1168967.245680241612718 ], [ 849456.403266630833969, 1168967.310809544054791 ], [ 849456.418980108224787, 1168967.375676570925862 ], [ 849456.435814053751528, 1168967.440261885756627 ], [ 849456.45376342209056, 1168967.504546134732664 ], [ 849456.472822837182321, 1168967.568510056938976 ], [ 849456.492986586294137, 1168967.632134484592825 ], [ 849456.514248626306653, 1168967.695400353521109 ], [ 849456.536602588719688, 1168967.75828870665282 ], [ 849456.560041774413548, 1168967.820780699606985 ], [ 849456.584559159120545, 1168967.882857606746256 ], [ 849456.610147396335378, 1168967.944500827696174 ], [ 849456.636798818828538, 1168968.005691890604794 ], [ 849456.664505442604423, 1168968.066412460757419 ], [ 849456.693258961429819, 1168968.12664434290491 ], [ 849456.723050765343942, 1168968.186369488947093 ], [ 849456.753871922381222, 1168968.245570003055036 ], [ 849456.78571319882758, 1168968.304228145629168 ], [ 849456.818565053748898, 1168968.362326340051368 ], [ 849456.852417641784996, 1168968.419847178040072 ], [ 849456.887260822462849, 1168968.476773423142731 ], [ 849456.923084151465446, 1168968.533088018419221 ], [ 849456.959876898792572, 1168968.588774088770151 ], [ 849456.997628033859655, 1168968.643814948387444 ], [ 849457.036326250294223, 1168968.698194104712456 ], [ 849457.075959949055687, 1168968.751895263325423 ], [ 849457.116517256014049, 1168968.80490233306773 ], [ 849457.157986017875373, 1168968.857199430465698 ] ] ] } },
{ "type": "Feature", "properties": { "fid": 1446, "id": null, "BLOQUES": null, "DISTANCIA": null, "VELOCIDAD": null }, "geometry": { "type": "MultiLineString", "coordinates": [ [ [ 849457.157986017875373, 1168968.857199430465698 ], [ 849506.350816938793287, 1169036.353509629378095 ] ] ] } },
{ "type": "Feature", "properties": { "fid": 1448, "id": null, "BLOQUES": null, "DISTANCIA": null, "VELOCIDAD": null }, "geometry": { "type": "MultiLineString", "coordinates": [ [ [ 849850.889115523081273, 1168925.158631915925071 ], [ 849827.018194169970229, 1168902.138149545993656 ] ] ] } },
{ "type": "Feature", "properties": { "fid": 1449, "id": null, "BLOQUES": null, "DISTANCIA": null, "VELOCIDAD": null }, "geometry": { "type": "MultiLineString", "coordinates": [ [ [ 849850.889115523081273, 1168925.158631915925071 ], [ 849935.420839261845686, 1169002.902601912617683 ] ] ] } },
{ "type": "Feature", "properties": { "fid": 1450, "id": null, "BLOQUES": null, "DISTANCIA": null, "VELOCIDAD": null }, "geometry": { "type": "MultiLineString", "coordinates": [ [ [ 849935.420839261845686, 1169002.902601912617683 ], [ 849936.710952285211533, 1169003.60629992489703 ], [ 849938.543499192688614, 1169004.324658312601969 ], [ 849940.581291353679262, 1169004.51524319103919 ], [ 849942.428498636232689, 1169004.222035685786977 ], [ 849944.392988921026699, 1169003.166488667484373 ], [ 849964.654712201561779, 1168979.623677532188594 ] ] ] } },
{ "type": "Feature", "properties": { "fid": 1451, "id": null, "BLOQUES": null, "DISTANCIA": null, "VELOCIDAD": null }, "geometry": { "type": "MultiLineString", "coordinates": [ [ [ 849929.874194067786448, 1168945.942707379348576 ], [ 849964.654712201561779, 1168979.623677532188594 ] ] ] } },
{ "type": "Feature", "properties": { "fid": 1452, "id": null, "BLOQUES": null, "DISTANCIA": null, "VELOCIDAD": null }, "geometry": { "type": "MultiLineString", "coordinates": [ [ [ 849964.654712201561779, 1168979.623677532188594 ], [ 850013.554245948791504, 1168925.005184239009395 ] ] ] } },
{ "type": "Feature", "properties": { "fid": 1453, "id": null, "BLOQUES": null, "DISTANCIA": null, "VELOCIDAD": null }, "geometry": { "type": "MultiLineString", "coordinates": [ [ [ 850013.554245948791504, 1168925.005184239009395 ], [ 850065.102964750258252, 1168868.642489171121269 ], [ 850117.931975331390277, 1168810.879939812002704 ] ] ] } },
{ "type": "Feature", "properties": { "fid": 1454, "id": null, "BLOQUES": null, "DISTANCIA": null, "VELOCIDAD": null }, "geometry": { "type": "MultiLineString", "coordinates": [ [ [ 849977.829621591488831, 1168889.855317676439881 ], [ 850013.554245948791504, 1168925.005184239009395 ] ] ] } },
{ "type": "Feature", "properties": { "fid": 1455, "id": null, "BLOQUES": null, "DISTANCIA": null, "VELOCIDAD": null }, "geometry": { "type": "MultiLineString", "coordinates": [ [ [ 850084.387230500928126, 1168781.374397252453491 ], [ 850117.931975331390277, 1168810.879939812002704 ] ] ] } },
{ "type": "Feature", "properties": { "fid": 1456, "id": null, "BLOQUES": null, "DISTANCIA": null, "VELOCIDAD": null }, "geometry": { "type": "MultiLineString", "coordinates": [ [ [ 850031.149461037479341, 1168836.308567557483912 ], [ 850065.102964750258252, 1168868.642489171121269 ] ] ] } },
{ "type": "Feature", "properties": { "fid": 1457, "id": null, "BLOQUES": null, "DISTANCIA": null, "VELOCIDAD": null }, "geometry": { "type": "MultiLineString", "coordinates": [ [ [ 849977.829621591488831, 1168889.855317676439881 ], [ 849943.11471558350604, 1168857.373854832258075 ] ] ] } },
{ "type": "Feature", "properties": { "fid": 1458, "id": null, "BLOQUES": null, "DISTANCIA": null, "VELOCIDAD": null }, "geometry": { "type": "MultiLineString", "coordinates": [ [ [ 850031.149461037479341, 1168836.308567557483912 ], [ 849999.623732520500198, 1168805.323300498537719 ] ] ] } },
{ "type": "Feature", "properties": { "fid": 1459, "id": null, "BLOQUES": null, "DISTANCIA": null, "VELOCIDAD": null }, "geometry": { "type": "MultiLineString", "coordinates": [ [ [ 850084.387230500928126, 1168781.374397252453491 ], [ 850053.715054239146411, 1168753.589765028562397 ] ] ] } },
{ "type": "Feature", "properties": { "fid": 1460, "id": null, "BLOQUES": null, "DISTANCIA": null, "VELOCIDAD": null }, "geometry": { "type": "MultiLineString", "coordinates": [ [ [ 849929.874194067786448, 1168945.942707379348576 ], [ 849892.426536868209951, 1168912.995892357779667 ] ] ] } },
{ "type": "Feature", "properties": { "fid": 1461, "id": "Salidaposco", "BLOQUES": null, "DISTANCIA": null, "VELOCIDAD": null }, "geometry": { "type": "MultiLineString", "coordinates": [ [ [ 849810.596154619939625, 1169002.612486205762252 ], [ 849810.570704909041524, 1169002.59882051195018 ], [ 849810.545021780068055, 1169002.585598715581 ], [ 849810.519112976151519, 1169002.572824802715331 ], [ 849810.492986306548119, 1169002.560502623673528 ], [ 849810.466649646288715, 1169002.548635892337188 ], [ 849810.440110934781842, 1169002.537228186381981 ], [ 849810.413378170342185, 1169002.526282944018021 ], [ 849810.386459414265119, 1169002.515803465154022 ], [ 849810.359362776856869, 1169002.505792907439172 ], [ 849810.332096428610384, 1169002.496254289755598 ], [ 849810.304668587516062, 1169002.487190486630425 ], [ 849810.277087521972135, 1169002.478604230564088 ], [ 849810.249361546360888, 1169002.470498109702021 ], [ 849810.221499015577137, 1169002.462874566670507 ], [ 849810.19350833108183, 1169002.455735900439322 ], [ 849810.165397929842584, 1169002.449084262829274 ], [ 849810.137176282703876, 1169002.442921658745036 ], [ 849810.108851901022717, 1169002.437249945476651 ], [ 849810.080433319555596, 1169002.432070833165199 ], [ 849810.051929105073214, 1169002.427385882474482 ], [ 849810.023347851005383, 1169002.423196505755186 ], [ 849809.994698169757612, 1169002.419503966113552 ], [ 849809.965988703072071, 1169002.416309376480058 ], [ 849809.937228099559434, 1169002.413613699609414 ], [ 849809.908425031113438, 1169002.411417748080567 ], [ 849809.879588179290295, 1169002.409722183831036 ], [ 849809.850726236356422, 1169002.408527518389747 ], [ 849809.821847901446745, 1169002.407834111945704 ], [ 849809.792961882892996, 1169002.407642172649503 ], [ 849809.76407688355539, 1169002.407951758941635 ], [ 849809.735201613744721, 1169002.408762777457014 ], [ 849809.706344775157049, 1169002.410074983723462 ], [ 849809.677515067858621, 1169002.411887982161716 ], [ 849809.648721182951704, 1169002.414201225852594 ], [ 849809.619971796986647, 1169002.417014018399641 ], [ 849809.591275577899069, 1169002.420325511600822 ], [ 849809.562641174765304, 1169002.424134706845507 ], [ 849809.534077222109772, 1169002.428440456045792 ], [ 849809.505592324770987, 1169002.433241461869329 ], [ 849809.477195071754977, 1169002.438536276109517 ], [ 849809.448894024360925, 1169002.444323303410783 ], [ 849809.420697710243985, 1169002.450600799173117 ], [ 849809.392614635638893, 1169002.457366871647537 ], [ 849809.364653256488964, 1169002.464619480539113 ], [ 849809.336822007899173, 1169002.472356440266594 ], [ 849809.309129277709872, 1169002.480575418099761 ], [ 849809.281583409872837, 1169002.489273936953396 ], [ 849809.254192712833174, 1169002.498449374688789 ], [ 849809.22696543962229, 1169002.508098965510726 ], [ 849809.199909799266607, 1169002.518219800433144 ], [ 849809.173033946892247, 1169002.528808829141781 ], [ 849809.146345982444473, 1169002.539862859761342 ], [ 849809.119853953248821, 1169002.551378559321165 ], [ 849809.093565842835233, 1169002.563352457713336 ], [ 849809.067489576991647, 1169002.575780944898725 ], [ 849809.041633014450781, 1169002.588660274865106 ], [ 849809.016003947937861, 1169002.601986565161496 ], [ 849808.990610107313842, 1169002.615755798993632 ], [ 849808.965459143626504, 1169002.629963825223967 ], [ 849808.94055863993708, 1169002.644606361864135 ], [ 849808.915916101192124, 1169002.659678994677961 ], [ 849808.891538956202567, 1169002.675177180208266 ], [ 849808.867434551939368, 1169002.691096247173846 ], [ 849808.843610155628994, 1169002.707431396469474 ], [ 849808.820072947302833, 1169002.724177704425529 ], [ 849808.796830023522489, 1169002.741330123273656 ], [ 849808.773888390162028, 1169002.758883482310921 ], [ 849808.751254961360246, 1169002.776832490693778 ] ] ] } },
{ "type": "Feature", "properties": { "fid": 1462, "id": null, "BLOQUES": null, "DISTANCIA": null, "VELOCIDAD": null }, "geometry": { "type": "MultiLineString", "coordinates": [ [ [ 849755.536727358936332, 1169046.956214885693043 ], [ 849755.548374119098298, 1169046.969144255388528 ], [ 849755.559793550521135, 1169046.982274839421734 ], [ 849755.570982175064273, 1169046.995602641720325 ], [ 849755.581936587812379, 1169047.009123605675995 ], [ 849755.592653456842527, 1169047.022833615541458 ], [ 849755.603129516472109, 1169047.036728499224409 ], [ 849755.613361583673395, 1169047.050804027123377 ], [ 849755.62334653607104, 1169047.065055915154517 ], [ 849755.633081342675723, 1169047.079479825682938 ], [ 849755.642563035711646, 1169047.094071368454024 ], [ 849755.651788731804118, 1169047.108826102688909 ], [ 849755.660755620687269, 1169047.123739536851645 ], [ 849755.669460976496339, 1169047.138807132374495 ], [ 849755.677902145311236, 1169047.154024303657934 ], [ 849755.6860765600577, 1169047.169386418070644 ], [ 849755.693981733871624, 1169047.184888800606132 ], [ 849755.701615260564722, 1169047.200526732951403 ], [ 849755.708974814857356, 1169047.216295454418287 ], [ 849755.716058157617226, 1169047.23219016706571 ], [ 849755.722863133065403, 1169047.248206032440066 ], [ 849755.729387670522556, 1169047.26433817576617 ], [ 849755.735629784408957, 1169047.280581687111408 ], [ 849755.741587573080324, 1169047.296931622317061 ], [ 849755.74725922383368, 1169047.313383005559444 ], [ 849755.752643011277542, 1169047.329930829349905 ], [ 849755.757737297099084, 1169047.346570056863129 ], [ 849755.762540528783575, 1169047.363295624032617 ], [ 849755.767051245551556, 1169047.380102439783514 ], [ 849755.771268075099215, 1169047.396985389525071 ], [ 849755.775189733831212, 1169047.413939333986491 ], [ 849755.778815026977099, 1169047.430959112942219 ], [ 849755.782142852665856, 1169047.448039546608925 ], [ 849755.785172196105123, 1169047.465175436111167 ], [ 849755.787902137148194, 1169047.482361565809697 ], [ 849755.79033184540458, 1169047.499592705164105 ], [ 849755.792460577911697, 1169047.516863609431311 ], [ 849755.79428769054357, 1169047.534169021761045 ], [ 849755.795812624739483, 1169047.551503675291315 ], [ 849755.797034919261932, 1169047.568862293381244 ], [ 849755.797954197390936, 1169047.58623959380202 ], [ 849755.79857018077746, 1169047.603630286641419 ], [ 849755.798882685718127, 1169047.621029079193249 ], [ 849755.798891614424065, 1169047.638430675491691 ], [ 849755.798596963169985, 1169047.655829779338092 ], [ 849755.797998824273236, 1169047.673221094999462 ], [ 849755.797097377479076, 1169047.690599329536781 ], [ 849755.795892897876911, 1169047.707959193037823 ], [ 849755.794385751360096, 1169047.725295402109623 ], [ 849755.792576399166137, 1169047.742602680344135 ], [ 849755.790465388447046, 1169047.759875759715214 ], [ 849755.788053364143707, 1169047.777109383139759 ], [ 849755.785341060487553, 1169047.794298305176198 ], [ 849755.782329302630387, 1169047.811437294119969 ], [ 849755.779019005596638, 1169047.828521133866161 ], [ 849755.775411179056391, 1169047.845544623909518 ], [ 849755.771506919641979, 1169047.862502583535388 ], [ 849755.767307415953837, 1169047.879389851354063 ], [ 849755.762813948094845, 1169047.896201287163422 ], [ 849755.758027880801819, 1169047.912931774044409 ], [ 849755.752950673107989, 1169047.929576220689341 ], [ 849755.747583868913352, 1169047.94612956000492 ], [ 849755.741929101757705, 1169047.962586754467338 ], [ 849755.735988093307242, 1169047.978942794725299 ], [ 849755.729762652190402, 1169047.99519270285964 ], [ 849755.72325467178598, 1169048.011331532848999 ], [ 849755.716466134181246, 1169048.027354372665286 ], [ 849755.709399104816839, 1169048.043256345205009 ], [ 849755.70205573644489, 1169048.059032610850409 ], [ 849755.69443826097995, 1169048.074678367935121 ], [ 849755.686548998695798, 1169048.09018885390833 ], [ 849755.678390350891277, 1169048.105559348594397 ], [ 849755.669964801636524, 1169048.120785173261538 ], [ 849755.661274912883528, 1169048.135861693881452 ], [ 849755.652323330985382, 1169048.150784321827814 ], [ 849755.643112782738172, 1169048.165548515040427 ], [ 849755.633646065602079, 1169048.18014977988787 ], [ 849755.623926064465195, 1169048.194583672098815 ], [ 849755.61395574035123, 1169048.208845798624679 ], [ 849755.603738124715164, 1169048.222931818570942 ], [ 849755.593276327010244, 1169048.236837444826961 ], [ 849755.582573533989489, 1169048.250558444764465 ], [ 849755.57163300155662, 1169048.264090642333031 ], [ 849755.560458059189841, 1169048.277429918758571 ], [ 849755.549052108312026, 1169048.290572213940322 ], [ 849755.537418620660901, 1169048.303513528080657 ] ] ] } },
{ "type": "Feature", "properties": { "fid": 1463, "id": null, "BLOQUES": null, "DISTANCIA": null, "VELOCIDAD": null }, "geometry": { "type": "MultiLineString", "coordinates": [ [ [ 849755.851539944647811, 1169047.916665885597467 ], [ 849755.378605104400776, 1169048.499096029438078 ] ] ] } },
{ "type": "Feature", "properties": { "fid": 1482, "id": null, "BLOQUES": null, "DISTANCIA": null, "VELOCIDAD": null }, "geometry": { "type": "MultiLineString", "coordinates": [ [ [ 849745.100906802224927, 1169033.005979672539979 ], [ 849712.980033394414932, 1168990.067933590849862 ] ] ] } },
{ "type": "Feature", "properties": { "fid": 1483, "id": null, "BLOQUES": null, "DISTANCIA": null, "VELOCIDAD": null }, "geometry": { "type": "MultiLineString", "coordinates": [ [ [ 849745.100906802224927, 1169033.005979672539979 ], [ 849755.536727358936332, 1169046.956214885693043 ] ] ] } },
{ "type": "Feature", "properties": { "fid": 1484, "id": null, "BLOQUES": null, "DISTANCIA": null, "VELOCIDAD": null }, "geometry": { "type": "MultiLineString", "coordinates": [ [ [ 849888.737159489188343, 1168855.889302432071418 ], [ 849921.377719352720305, 1168833.179462177213281 ] ] ] } },
{ "type": "Feature", "properties": { "fid": 1485, "id": null, "BLOQUES": null, "DISTANCIA": null, "VELOCIDAD": null }, "geometry": { "type": "MultiLineString", "coordinates": [ [ [ 849824.535759362392128, 1168904.014632740756497 ], [ 849746.663944900385104, 1168962.967418432002887 ] ] ] } },
{ "type": "Feature", "properties": { "fid": 1486, "id": null, "BLOQUES": null, "DISTANCIA": null, "VELOCIDAD": null }, "geometry": { "type": "MultiLineString", "coordinates": [ [ [ 849746.663944900385104, 1168962.967418432002887 ], [ 849712.980033394414932, 1168990.067933590849862 ] ] ] } },
{ "type": "Feature", "properties": { "fid": 1487, "id": null, "BLOQUES": null, "DISTANCIA": null, "VELOCIDAD": null }, "geometry": { "type": "MultiLineString", "coordinates": [ [ [ 849693.844986736541614, 1169005.464270638069138 ], [ 849712.980033394414932, 1168990.067933590849862 ] ] ] } },
{ "type": "Feature", "properties": { "fid": 1488, "id": null, "BLOQUES": null, "DISTANCIA": null, "VELOCIDAD": null }, "geometry": { "type": "MultiLineString", "coordinates": [ [ [ 849712.980033394414932, 1168990.067933590849862 ], [ 849660.627251632977277, 1168920.223065383732319 ] ] ] } },
{ "type": "Feature", "properties": { "fid": 1490, "id": null, "BLOQUES": null, "DISTANCIA": null, "VELOCIDAD": null }, "geometry": { "type": "MultiLineString", "coordinates": [ [ [ 849701.52265715203248, 1168834.207806126680225 ], [ 849666.122537650517188, 1168785.464832994388416 ] ] ] } },
{ "type": "Feature", "properties": { "fid": 1493, "id": null, "BLOQUES": null, "DISTANCIA": null, "VELOCIDAD": null }, "geometry": { "type": "MultiLineString", "coordinates": [ [ [ 849709.795143697061576, 1168839.15757431415841 ], [ 849707.916413333034143, 1168832.107205735519528 ], [ 849707.845879554981366, 1168831.302434982266277 ], [ 849707.876692937221378, 1168830.466295334510505 ], [ 849708.315744108171202, 1168829.069456950761378 ] ] ] } },
{ "type": "Feature", "properties": { "fid": 1496, "id": null, "BLOQUES": null, "DISTANCIA": null, "VELOCIDAD": null }, "geometry": { "type": "MultiLineString", "coordinates": [ [ [ 849738.162081173853949, 1168752.364531972212717 ], [ 849721.160087412106805, 1168730.831644681282341 ] ] ] } },
{ "type": "Feature", "properties": { "fid": 1497, "id": null, "BLOQUES": null, "DISTANCIA": null, "VELOCIDAD": null }, "geometry": { "type": "MultiLineString", "coordinates": [ [ [ 849821.790144917787984, 1168742.866618067957461 ], [ 849776.385240688803606, 1168680.133409178582951 ] ] ] } },
{ "type": "Feature", "properties": { "fid": 1501, "id": null, "BLOQUES": null, "DISTANCIA": null, "VELOCIDAD": null }, "geometry": { "type": "MultiLineString", "coordinates": [ [ [ 849660.627251632977277, 1168920.223065383732319 ], [ 849639.54652234131936, 1168891.276745988288894 ] ] ] } },
{ "type": "Feature", "properties": { "fid": 1502, "id": null, "BLOQUES": null, "DISTANCIA": null, "VELOCIDAD": null }, "geometry": { "type": "MultiLineString", "coordinates": [ [ [ 849733.429365675663576, 1168866.980868006590754 ], [ 849743.052076702006161, 1168859.680829850258306 ] ] ] } },
{ "type": "Feature", "properties": { "fid": 1503, "id": null, "BLOQUES": null, "DISTANCIA": null, "VELOCIDAD": null }, "geometry": { "type": "MultiLineString", "coordinates": [ [ [ 849743.052076702006161, 1168859.680829850258306 ], [ 849801.35971059568692, 1168816.151885023806244 ] ] ] } },
{ "type": "Feature", "properties": { "fid": 1504, "id": null, "BLOQUES": null, "DISTANCIA": null, "VELOCIDAD": null }, "geometry": { "type": "MultiLineString", "coordinates": [ [ [ 849801.35971059568692, 1168816.151885023806244 ], [ 849857.023322905413806, 1168774.292848566314206 ] ] ] } },
{ "type": "Feature", "properties": { "fid": 1505, "id": null, "BLOQUES": null, "DISTANCIA": null, "VELOCIDAD": null }, "geometry": { "type": "MultiLineString", "coordinates": [ [ [ 849857.023322905413806, 1168774.292848566314206 ], [ 849896.507748159812763, 1168744.875809787074104 ] ] ] } },
{ "type": "Feature", "properties": { "fid": 1506, "id": null, "BLOQUES": null, "DISTANCIA": null, "VELOCIDAD": null }, "geometry": { "type": "MultiLineString", "coordinates": [ [ [ 849730.640715788584203, 1168867.213257901836187 ], [ 849895.41437972523272, 1168743.428825898328796 ] ] ] } },
{ "type": "Feature", "properties": { "fid": 1507, "id": null, "BLOQUES": null, "DISTANCIA": null, "VELOCIDAD": null }, "geometry": { "type": "MultiLineString", "coordinates": [ [ [ 849730.640715788584203, 1168867.213257901836187 ], [ 849709.795143697061576, 1168839.15757431415841 ] ] ] } },
{ "type": "Feature", "properties": { "fid": 1508, "id": null, "BLOQUES": null, "DISTANCIA": null, "VELOCIDAD": null }, "geometry": { "type": "MultiLineString", "coordinates": [ [ [ 849695.613460496184416, 1168893.811167464591563 ], [ 849730.640715788584203, 1168867.213257901836187 ] ] ] } },
{ "type": "Feature", "properties": { "fid": 1509, "id": null, "BLOQUES": null, "DISTANCIA": null, "VELOCIDAD": null }, "geometry": { "type": "MultiLineString", "coordinates": [ [ [ 849625.76041311037261, 1168946.705731239635497 ], [ 849695.613460496184416, 1168893.811167464591563 ] ] ] } },
{ "type": "Feature", "properties": { "fid": 1510, "id": null, "BLOQUES": null, "DISTANCIA": null, "VELOCIDAD": null }, "geometry": { "type": "MultiLineString", "coordinates": [ [ [ 849539.144794847117737, 1169011.77640056447126 ], [ 849625.76041311037261, 1168946.705731239635497 ] ] ] } },
{ "type": "Feature", "properties": { "fid": 1511, "id": null, "BLOQUES": null, "DISTANCIA": null, "VELOCIDAD": null }, "geometry": { "type": "MultiLineString", "coordinates": [ [ [ 849640.477509374031797, 1168880.615035459864885 ], [ 849701.52265715203248, 1168834.207806126680225 ], [ 849708.342842145473696, 1168829.023022395558655 ], [ 849762.152540207607672, 1168788.116265851305798 ], [ 849763.651591549743898, 1168786.976669635623693 ] ] ] } },
{ "type": "Feature", "properties": { "fid": 1512, "id": null, "BLOQUES": null, "DISTANCIA": null, "VELOCIDAD": null }, "geometry": { "type": "MultiLineString", "coordinates": [ [ [ 849708.315744108171202, 1168829.069456950761378 ], [ 849708.342842145473696, 1168829.023022395558655 ] ] ] } },
{ "type": "Feature", "properties": { "fid": 1513, "id": null, "BLOQUES": null, "DISTANCIA": null, "VELOCIDAD": null }, "geometry": { "type": "MultiLineString", "coordinates": [ [ [ 849763.651591549743898, 1168786.976669635623693 ], [ 849821.790144917787984, 1168742.866618067957461 ] ] ] } },
{ "type": "Feature", "properties": { "fid": 1514, "id": null, "BLOQUES": null, "DISTANCIA": null, "VELOCIDAD": null }, "geometry": { "type": "MultiLineString", "coordinates": [ [ [ 849738.162081173853949, 1168752.364531972212717 ], [ 849762.152540207607672, 1168788.116265851305798 ] ] ] } },
{ "type": "Feature", "properties": { "fid": 1515, "id": null, "BLOQUES": null, "DISTANCIA": null, "VELOCIDAD": null }, "geometry": { "type": "MultiLineString", "coordinates": [ [ [ 849721.160087412106805, 1168730.831644681282341 ], [ 849719.784851698670536, 1168729.245754806092009 ] ] ] } },
{ "type": "Feature", "properties": { "fid": 1516, "id": null, "BLOQUES": null, "DISTANCIA": null, "VELOCIDAD": null }, "geometry": { "type": "MultiLineString", "coordinates": [ [ [ 849776.385240688803606, 1168680.133409178582951 ], [ 849773.374291543266736, 1168676.125313450116664 ] ] ] } },
{ "type": "Feature", "properties": { "fid": 1517, "id": null, "BLOQUES": null, "DISTANCIA": null, "VELOCIDAD": null }, "geometry": { "type": "MultiLineString", "coordinates": [ [ [ 849617.731646972126327, 1168850.574344991939142 ], [ 849594.278130763908848, 1168819.038171971216798 ] ] ] } },
{ "type": "Feature", "properties": { "fid": 1519, "id": null, "BLOQUES": null, "DISTANCIA": null, "VELOCIDAD": null }, "geometry": { "type": "MultiLineString", "coordinates": [ [ [ 849594.278130763908848, 1168819.038171971216798 ], [ 849540.73610531014856, 1168747.813004274154082 ], [ 849537.546654174453579, 1168743.5701839835383 ] ] ] } },
{ "type": "Feature", "properties": { "fid": 1522, "id": null, "BLOQUES": null, "DISTANCIA": null, "VELOCIDAD": null }, "geometry": { "type": "MultiLineString", "coordinates": [ [ [ 849537.546654174453579, 1168743.5701839835383 ], [ 849487.02645457116887, 1168676.660140791675076 ] ] ] } },
{ "type": "Feature", "properties": { "fid": 1523, "id": null, "BLOQUES": null, "DISTANCIA": null, "VELOCIDAD": null }, "geometry": { "type": "MultiLineString", "coordinates": [ [ [ 849568.271501544397324, 1168727.343002830632031 ], [ 849596.51423996349331, 1168704.886940345400944 ], [ 849597.903303258819506, 1168703.006118216086179 ] ] ] } },
{ "type": "Feature", "properties": { "fid": 1524, "id": null, "BLOQUES": null, "DISTANCIA": null, "VELOCIDAD": null }, "geometry": { "type": "MultiLineString", "coordinates": [ [ [ 849597.903303258819506, 1168703.006118216086179 ], [ 849598.442200847319327, 1168701.052853309782222 ], [ 849598.177398970117792, 1168699.677338221576065 ], [ 849597.08981040737126, 1168698.317284731194377 ] ] ] } },
{ "type": "Feature", "properties": { "fid": 1527, "id": null, "BLOQUES": null, "DISTANCIA": null, "VELOCIDAD": null }, "geometry": { "type": "MultiLineString", "coordinates": [ [ [ 849568.271501544397324, 1168727.343002830632031 ], [ 849540.73610531014856, 1168747.813004274154082 ] ] ] } },
{ "type": "Feature", "properties": { "fid": 1528, "id": null, "BLOQUES": null, "DISTANCIA": null, "VELOCIDAD": null }, "geometry": { "type": "MultiLineString", "coordinates": [ [ [ 849565.693320106947795, 1168658.955487608909607 ], [ 849541.437941526994109, 1168626.634975010761991 ] ] ] } },
{ "type": "Feature", "properties": { "fid": 1533, "id": null, "BLOQUES": null, "DISTANCIA": null, "VELOCIDAD": null }, "geometry": { "type": "MultiLineString", "coordinates": [ [ [ 849565.693320106947795, 1168658.955487608909607 ], [ 849597.08981040737126, 1168698.317284731194377 ] ] ] } },
{ "type": "Feature", "properties": { "fid": 1534, "id": null, "BLOQUES": null, "DISTANCIA": null, "VELOCIDAD": null }, "geometry": { "type": "MultiLineString", "coordinates": [ [ [ 849462.354733476997353, 1168842.391151284566149 ], [ 849485.119655889226124, 1168872.712317775003612 ] ] ] } },
{ "type": "Feature", "properties": { "fid": 1536, "id": "Nousar", "BLOQUES": null, "DISTANCIA": null, "VELOCIDAD": null }, "geometry": { "type": "MultiLineString", "coordinates": [ [ [ 849801.891357697546482, 1169052.139177238568664 ], [ 849786.905475582578219, 1169036.514032367384061 ] ] ] } },
{ "type": "Feature", "properties": { "fid": 1537, "id": null, "BLOQUES": null, "DISTANCIA": null, "VELOCIDAD": null }, "geometry": { "type": "MultiLineString", "coordinates": [ [ [ 849648.657388817053288, 1169218.753826071741059 ], [ 849692.760711263050325, 1169266.03383788280189 ] ] ] } },
{ "type": "Feature", "properties": { "fid": 1544, "id": null, "BLOQUES": null, "DISTANCIA": null, "VELOCIDAD": null }, "geometry": { "type": "MultiLineString", "coordinates": [ [ [ 849244.157261848915368, 1169526.710751619655639 ], [ 849285.585317842545919, 1169570.263469704426825 ] ] ] } },
{ "type": "Feature", "properties": { "fid": 1545, "id": null, "BLOQUES": null, "DISTANCIA": null, "VELOCIDAD": null }, "geometry": { "type": "MultiLineString", "coordinates": [ [ [ 849816.80224735790398, 1169067.077040158677846 ], [ 849845.908056418877095, 1169099.963719702558592 ] ] ] } },
{ "type": "Feature", "properties": { "fid": 1546, "id": null, "BLOQUES": null, "DISTANCIA": null, "VELOCIDAD": null }, "geometry": { "type": "MultiLineString", "coordinates": [ [ [ 849703.961948782904074, 1169167.99094935785979 ], [ 849741.949675623560324, 1169209.408998443512246 ] ] ] } },
{ "type": "Feature", "properties": { "fid": 1547, "id": null, "BLOQUES": null, "DISTANCIA": null, "VELOCIDAD": null }, "geometry": { "type": "MultiLineString", "coordinates": [ [ [ 849591.721434679348022, 1169268.497003866359591 ], [ 849637.386879912693985, 1169318.768485529115424 ] ] ] } },
{ "type": "Feature", "properties": { "fid": 1548, "id": null, "BLOQUES": null, "DISTANCIA": null, "VELOCIDAD": null }, "geometry": { "type": "MultiLineString", "coordinates": [ [ [ 849533.161007044953294, 1169316.951759038260207 ], [ 849583.11856456194073, 1169370.141102069290355 ] ] ] } },
{ "type": "Feature", "properties": { "fid": 1549, "id": null, "BLOQUES": null, "DISTANCIA": null, "VELOCIDAD": null }, "geometry": { "type": "MultiLineString", "coordinates": [ [ [ 849476.619877472519875, 1169366.081346262712032 ], [ 849529.113675662083551, 1169421.584733516909182 ] ] ] } },
{ "type": "Feature", "properties": { "fid": 1550, "id": null, "BLOQUES": null, "DISTANCIA": null, "VELOCIDAD": null }, "geometry": { "type": "MultiLineString", "coordinates": [ [ [ 849418.560612575849518, 1169415.075742398388684 ], [ 849474.90482901467476, 1169473.843140118289739 ] ] ] } },
{ "type": "Feature", "properties": { "fid": 1551, "id": null, "BLOQUES": null, "DISTANCIA": null, "VELOCIDAD": null }, "geometry": { "type": "MultiLineString", "coordinates": [ [ [ 849361.612035365775228, 1169464.610856021288782 ], [ 849419.008502104086801, 1169527.380061194766313 ] ] ] } },
{ "type": "Feature", "properties": { "fid": 1552, "id": null, "BLOQUES": null, "DISTANCIA": null, "VELOCIDAD": null }, "geometry": { "type": "MultiLineString", "coordinates": [ [ [ 849302.84549721959047, 1169513.237767252139747 ], [ 849365.313544017262757, 1169578.540765622165054 ] ] ] } },
{ "type": "Feature", "properties": { "fid": 1579, "id": null, "BLOQUES": null, "DISTANCIA": null, "VELOCIDAD": null }, "geometry": { "type": "MultiLineString", "coordinates": [ [ [ 849176.335022848448716, 1169180.320824934635311 ], [ 849140.965313700260594, 1169206.790763701777905 ] ] ] } },
{ "type": "Feature", "properties": { "fid": 1580, "id": null, "BLOQUES": null, "DISTANCIA": null, "VELOCIDAD": null }, "geometry": { "type": "MultiLineString", "coordinates": [ [ [ 849558.18669859401416, 1169104.983522581867874 ], [ 849590.188052530633286, 1169145.913895994657651 ] ] ] } },
{ "type": "Feature", "properties": { "fid": 1581, "id": null, "BLOQUES": null, "DISTANCIA": null, "VELOCIDAD": null }, "geometry": { "type": "MultiLineString", "coordinates": [ [ [ 849347.291153701837175, 1169263.516631230711937 ], [ 849377.858749051578343, 1169303.953964106971398 ] ] ] } },
{ "type": "Feature", "properties": { "fid": 1582, "id": null, "BLOQUES": null, "DISTANCIA": null, "VELOCIDAD": null }, "geometry": { "type": "MultiLineString", "coordinates": [ [ [ 849141.84758911409881, 1169356.868025004863739 ], [ 849141.955063154920936, 1169354.786676364950836 ], [ 849142.311094964621589, 1169353.520785483764485 ], [ 849143.774781296728179, 1169352.017540062544867 ], [ 849146.385681238258258, 1169350.316499190870672 ], [ 849148.086722111213021, 1169348.931931039784104 ], [ 849148.244958470342681, 1169346.756181087810546 ], [ 849147.730690299998969, 1169345.213376576313749 ], [ 849146.464799418230541, 1169343.868367515038699 ], [ 849140.847408633329906, 1169336.312581317964941 ], [ 849137.524445069953799, 1169332.514908674638718 ], [ 849135.071781489183195, 1169328.796354210935533 ], [ 849133.054365413729101, 1169324.887610565405339 ] ] ] } },
{ "type": "Feature", "properties": { "fid": 1583, "id": null, "BLOQUES": null, "DISTANCIA": null, "VELOCIDAD": null }, "geometry": { "type": "MultiLineString", "coordinates": [ [ [ 849141.84758911409881, 1169356.868025004863739 ], [ 849163.127954731229693, 1169403.414015626069158 ] ] ] } },
{ "type": "Feature", "properties": { "fid": 1584, "id": null, "BLOQUES": null, "DISTANCIA": null, "VELOCIDAD": null }, "geometry": { "type": "MultiLineString", "coordinates": [ [ [ 849194.687275410979055, 1169472.442897498141974 ], [ 849163.127954731229693, 1169403.414015626069158 ] ] ] } },
{ "type": "Feature", "properties": { "fid": 1585, "id": null, "BLOQUES": null, "DISTANCIA": null, "VELOCIDAD": null }, "geometry": { "type": "MultiLineString", "coordinates": [ [ [ 849133.498266881215386, 1169319.136577465571463 ], [ 849133.443069286528043, 1169319.210620490135625 ], [ 849133.389163873391226, 1169319.285609492333606 ], [ 849133.336566851241514, 1169319.36152192344889 ], [ 849133.285294038243592, 1169319.43833495862782 ], [ 849133.235360842198133, 1169319.516025500372052 ], [ 849133.186782290111296, 1169319.594570188317448 ], [ 849133.139572979649529, 1169319.673945404589176 ], [ 849133.093747109756805, 1169319.754127282649279 ], [ 849133.049318458419293, 1169319.835091712418944 ], [ 849133.006300385226496, 1169319.916814349358901 ], [ 849132.964705823455006, 1169319.999270619591698 ], [ 849132.924547285889275, 1169320.082435730611905 ], [ 849132.885836841538548, 1169320.166284674778581 ], [ 849132.848586131935008, 1169320.250792240491137 ], [ 849132.812806359725073, 1169320.335933016845956 ], [ 849132.778508280985989, 1169320.421681403415278 ], [ 849132.745702210115269, 1169320.508011616300792 ], [ 849132.714398010401055, 1169320.594897697214037 ], [ 849132.684605096816085, 1169320.682313520926982 ], [ 849132.656332424841821, 1169320.770232802024111 ], [ 849132.629588498384692, 1169320.858629104681313 ], [ 849132.604381356737576, 1169320.947475849185139 ], [ 849132.580718580633402, 1169321.036746320081875 ], [ 849132.558607287239283, 1169321.126413675257936 ], [ 849132.538054118631408, 1169321.216450952459127 ], [ 849132.519065261702053, 1169321.306831079069525 ], [ 849132.501646424061619, 1169321.397526878165081 ], [ 849132.485802841372788, 1169321.488511079456657 ], [ 849132.471539279678836, 1169321.579756324645132 ], [ 849132.45886002772022, 1169321.671235177665949 ], [ 849132.447768897749484, 1169321.762920131674036 ], [ 849132.438269224250689, 1169321.854783618357033 ], [ 849132.43036386417225, 1169321.946798014920205 ], [ 849132.424055194132961, 1169322.038935654563829 ], [ 849132.419345111353323, 1169322.131168832303956 ], [ 849132.416235031792894, 1169322.223469814751297 ], [ 849132.414725890615955, 1169322.315810848260298 ], [ 849132.414818142657168, 1169322.408164166845381 ], [ 849132.416511758347042, 1169322.500502001028508 ], [ 849132.419806230347604, 1169322.592796585988253 ], [ 849132.424700567265972, 1169322.685020169708878 ], [ 849132.431193296913989, 1169322.777145022060722 ], [ 849132.439282467123121, 1169322.869143442017958 ], [ 849132.448965645511635, 1169322.960987766738981 ], [ 849132.460239922162145, 1169323.052650380181149 ], [ 849132.473101905547082, 1169323.144103719852865 ], [ 849132.487547727068886, 1169323.235320287290961 ], [ 849132.503573045949452, 1169323.326272654579952 ], [ 849132.521173041663133, 1169323.416933473665267 ], [ 849132.540342421969399, 1169323.507275484036654 ], [ 849132.561075422912836, 1169323.597271520411596 ], [ 849132.583365811500698, 1169323.686894522979856 ], [ 849132.607206883840263, 1169323.776117542292923 ], [ 849132.63259147212375, 1169323.864913750672713 ], [ 849132.659511944511905, 1169323.953256448032334 ], [ 849132.687960203271359, 1169324.041119070723653 ], [ 849132.717927697114646, 1169324.128475199686363 ], [ 849132.749405413400382, 1169324.215298567898571 ], [ 849132.782383890356869, 1169324.301563068758696 ], [ 849132.816853207885288, 1169324.387242763536051 ], [ 849132.852803003508598, 1169324.472311889287084 ], [ 849132.890222467365675, 1169324.556744866771623 ], [ 849132.929100348148495, 1169324.640516308369115 ], [ 849132.969424953800626, 1169324.723601024597883 ], [ 849133.011184161878191, 1169324.805974033195525 ], [ 849133.054365413729101, 1169324.887610565405339 ] ] ] } },
{ "type": "Feature", "properties": { "fid": 1586, "id": null, "BLOQUES": null, "DISTANCIA": null, "VELOCIDAD": null }, "geometry": { "type": "MultiLineString", "coordinates": [ [ [ 849133.498266881215386, 1169319.136577465571463 ], [ 849180.25980444077868, 1169282.184225206961855 ] ] ] } },
{ "type": "Feature", "properties": { "fid": 1587, "id": null, "BLOQUES": null, "DISTANCIA": null, "VELOCIDAD": null }, "geometry": { "type": "MultiLineString", "coordinates": [ [ [ 849244.574587770039216, 1169341.058170146774501 ], [ 849277.255560713238083, 1169316.185295586939901 ] ] ] } },
{ "type": "Feature", "properties": { "fid": 1588, "id": null, "BLOQUES": null, "DISTANCIA": null, "VELOCIDAD": null }, "geometry": { "type": "MultiLineString", "coordinates": [ [ [ 849312.50682276126463, 1169289.735939032398164 ], [ 849277.255560713238083, 1169316.185295586939901 ] ] ] } },
{ "type": "Feature", "properties": { "fid": 1589, "id": null, "BLOQUES": null, "DISTANCIA": null, "VELOCIDAD": null }, "geometry": { "type": "MultiLineString", "coordinates": [ [ [ 849312.50682276126463, 1169289.735939032398164 ], [ 849347.291153701837175, 1169263.516631230711937 ] ] ] } },
{ "type": "Feature", "properties": { "fid": 1590, "id": null, "BLOQUES": null, "DISTANCIA": null, "VELOCIDAD": null }, "geometry": { "type": "MultiLineString", "coordinates": [ [ [ 849180.25980444077868, 1169282.184225206961855 ], [ 849226.090841938508675, 1169247.144842655630782 ] ] ] } },
{ "type": "Feature", "properties": { "fid": 1591, "id": null, "BLOQUES": null, "DISTANCIA": null, "VELOCIDAD": null }, "geometry": { "type": "MultiLineString", "coordinates": [ [ [ 849176.335022848448716, 1169180.320824934635311 ], [ 849211.975436970125884, 1169154.504635937744752 ] ] ] } },
{ "type": "Feature", "properties": { "fid": 1592, "id": null, "BLOQUES": null, "DISTANCIA": null, "VELOCIDAD": null }, "geometry": { "type": "MultiLineString", "coordinates": [ [ [ 849226.090841938508675, 1169247.144842655630782 ], [ 849261.122090816614218, 1169220.558602692792192 ] ] ] } },
{ "type": "Feature", "properties": { "fid": 1593, "id": null, "BLOQUES": null, "DISTANCIA": null, "VELOCIDAD": null }, "geometry": { "type": "MultiLineString", "coordinates": [ [ [ 849382.549414919340052, 1169236.742758355103433 ], [ 849347.291153701837175, 1169263.516631230711937 ], [ 849319.501165600027889, 1169226.109652319690213 ] ] ] } },
{ "type": "Feature", "properties": { "fid": 1594, "id": null, "BLOQUES": null, "DISTANCIA": null, "VELOCIDAD": null }, "geometry": { "type": "MultiLineString", "coordinates": [ [ [ 849319.501165600027889, 1169226.109652319690213 ], [ 849296.126276155235246, 1169194.388496598694474 ] ] ] } },
{ "type": "Feature", "properties": { "fid": 1595, "id": null, "BLOQUES": null, "DISTANCIA": null, "VELOCIDAD": null }, "geometry": { "type": "MultiLineString", "coordinates": [ [ [ 849246.722547977580689, 1169128.030902788043022 ], [ 849296.126276155235246, 1169194.388496598694474 ] ] ] } },
{ "type": "Feature", "properties": { "fid": 1596, "id": null, "BLOQUES": null, "DISTANCIA": null, "VELOCIDAD": null }, "geometry": { "type": "MultiLineString", "coordinates": [ [ [ 849261.122090816614218, 1169220.558602692792192 ], [ 849331.274328604107723, 1169167.878268277971074 ] ] ] } },
{ "type": "Feature", "properties": { "fid": 1597, "id": null, "BLOQUES": null, "DISTANCIA": null, "VELOCIDAD": null }, "geometry": { "type": "MultiLineString", "coordinates": [ [ [ 849211.975436970125884, 1169154.504635937744752 ], [ 849281.828599859960377, 1169101.610227639321238 ] ] ] } },
{ "type": "Feature", "properties": { "fid": 1598, "id": null, "BLOQUES": null, "DISTANCIA": null, "VELOCIDAD": null }, "geometry": { "type": "MultiLineString", "coordinates": [ [ [ 849331.274328604107723, 1169167.878268277971074 ], [ 849401.616497240494937, 1169115.095150833949447 ] ] ] } },
{ "type": "Feature", "properties": { "fid": 1599, "id": null, "BLOQUES": null, "DISTANCIA": null, "VELOCIDAD": null }, "geometry": { "type": "MultiLineString", "coordinates": [ [ [ 849382.549414919340052, 1169236.742758355103433 ], [ 849452.831158154411241, 1169183.83861117111519 ] ] ] } },
{ "type": "Feature", "properties": { "fid": 1600, "id": null, "BLOQUES": null, "DISTANCIA": null, "VELOCIDAD": null }, "geometry": { "type": "MultiLineString", "coordinates": [ [ [ 849281.828599859960377, 1169101.610227639321238 ], [ 849351.980836650007404, 1169048.92988865240477 ] ] ] } },
{ "type": "Feature", "properties": { "fid": 1601, "id": null, "BLOQUES": null, "DISTANCIA": null, "VELOCIDAD": null }, "geometry": { "type": "MultiLineString", "coordinates": [ [ [ 849351.980836650007404, 1169048.92988865240477 ], [ 849387.027783637517132, 1169022.517852230928838 ] ] ] } },
{ "type": "Feature", "properties": { "fid": 1602, "id": null, "BLOQUES": null, "DISTANCIA": null, "VELOCIDAD": null }, "geometry": { "type": "MultiLineString", "coordinates": [ [ [ 849401.616497240494937, 1169115.095150833949447 ], [ 849436.548338246997446, 1169088.875248783500865 ] ] ] } },
{ "type": "Feature", "properties": { "fid": 1603, "id": null, "BLOQUES": null, "DISTANCIA": null, "VELOCIDAD": null }, "geometry": { "type": "MultiLineString", "coordinates": [ [ [ 849452.831158154411241, 1169183.83861117111519 ], [ 849487.858422853169031, 1169157.66719841118902 ] ] ] } },
{ "type": "Feature", "properties": { "fid": 1604, "id": null, "BLOQUES": null, "DISTANCIA": null, "VELOCIDAD": null }, "geometry": { "type": "MultiLineString", "coordinates": [ [ [ 849436.548338246997446, 1169088.875248783500865 ], [ 849487.858422853169031, 1169157.66719841118902 ], [ 849523.0732850022614, 1169131.36130947410129 ] ] ] } },
{ "type": "Feature", "properties": { "fid": 1605, "id": null, "BLOQUES": null, "DISTANCIA": null, "VELOCIDAD": null }, "geometry": { "type": "MultiLineString", "coordinates": [ [ [ 849539.144794847117737, 1169011.776400564238429 ], [ 849506.350816938793287, 1169036.353509629378095 ] ] ] } },
{ "type": "Feature", "properties": { "fid": 1606, "id": null, "BLOQUES": null, "DISTANCIA": null, "VELOCIDAD": null }, "geometry": { "type": "MultiLineString", "coordinates": [ [ [ 849471.688001149101183, 1169062.511197951389477 ], [ 849506.350816938793287, 1169036.353509629378095 ] ] ] } },
{ "type": "Feature", "properties": { "fid": 1607, "id": null, "BLOQUES": null, "DISTANCIA": null, "VELOCIDAD": null }, "geometry": { "type": "MultiLineString", "coordinates": [ [ [ 849523.0732850022614, 1169131.36130947410129 ], [ 849590.529577222536318, 1169080.630505094770342 ] ] ] } },
{ "type": "Feature", "properties": { "fid": 1608, "id": null, "BLOQUES": null, "DISTANCIA": null, "VELOCIDAD": null }, "geometry": { "type": "MultiLineString", "coordinates": [ [ [ 849506.350816938793287, 1169036.353509629378095 ], [ 849558.18669859401416, 1169104.983522581867874 ] ] ] } },
{ "type": "Feature", "properties": { "fid": 1428, "id": "Entradaposco2", "BLOQUES": null, "DISTANCIA": null, "VELOCIDAD": null }, "geometry": { "type": "MultiLineString", "coordinates": [ [ [ 849483.639285629615188, 1168944.995592584367841 ], [ 849472.905458353925496, 1168952.992541233077645 ], [ 849472.529625076800585, 1168953.117634891998023 ], [ 849471.772512488765642, 1168953.19440193218179 ], [ 849471.34028864139691, 1168953.107196022756398 ], [ 849467.891015119617805, 1168955.446990308584645 ] ] ] } },
{ "type": "Feature", "properties": { "fid": 1426, "id": "Entradaposco2", "BLOQUES": null, "DISTANCIA": null, "VELOCIDAD": null }, "geometry": { "type": "MultiLineString", "coordinates": [ [ [ 849482.193754966603592, 1168948.992695588385686 ], [ 849456.943647181731649, 1168968.564468243159354 ] ] ] } }
]
}
